# Made in Blockbench 4.12.3
mtllib typewriter.mtl

o paperLine1
v 0.12499999999999989 0.23703633071816535 0.4376210116731517
v 0.12499999999999989 0.27547929993965 0.4618428015564202
v -0.12500000000000006 0.27547929993965 0.4618428015564202
v -0.12500000000000006 0.23703633071816535 0.4376210116731517
v 0.12499999999999989 0.19800494870247437 0.45892451361867703
v -0.12500000000000006 0.19800494870247437 0.45892451361867703
v 0.12499999999999989 0.191042063971032 0.5028933852140077
v -0.125 0.191042063971032 0.5028933852140077
v 0.12499999999999989 0.21938394689197346 0.5365509727626459
v -0.125 0.21938394689197346 0.5365509727626459
v 0.12499999999999989 0.261259324079662 0.5494887159533073
v -0.125 0.261259324079662 0.5494887159533073
v 0.12499999999999989 0.30499800844900427 0.5567844357976653
v -0.125 0.30499800844900427 0.5567844357976653
v 0.12499999999999989 0.3494231744115872 0.5571735408560311
v -0.125 0.3494231744115872 0.5571735408560311
v 0.12499999999999989 0.23762474351237176 0.43479999999999996
v -0.12500000000000006 0.23762474351237176 0.43479999999999996
v -0.12500000000000006 0.276950331925166 0.45931361867704273
v 0.12499999999999989 0.276950331925166 0.4593136186770427
v 0.12499999999999989 0.19574936632468315 0.4570762645914397
v -0.12500000000000006 0.19574936632468315 0.4570762645914397
v 0.12499999999999989 0.1881 0.503185214007782
v -0.125 0.1881 0.503185214007782
v 0.12499999999999989 0.21801098370549185 0.5391774319066147
v -0.125 0.21801098370549185 0.5391774319066147
v 0.12499999999999989 0.2616515992757997 0.5524070038910505
v -0.125 0.2616515992757997 0.5524070038910505
v 0.12499999999999989 0.3057825588412794 0.5596054474708171
v -0.125 0.3057825588412794 0.5596054474708171
v 0.12499999999999989 0.3506 0.5598
v -0.125 0.3506 0.5598
vt 0.4946 0.45629999999999993
vt 0.4946 0.363
vt 0.9995 0.363
vt 0.9995 0.45629999999999993
vt 0.4946 0.5497
vt 0.4946 0.45629999999999993
vt 0.9995 0.45629999999999993
vt 0.9995 0.5497
vt 0.4946 0.643
vt 0.4946 0.5497
vt 0.9995 0.5497
vt 0.9995 0.643
vt 0.4946 0.7346
vt 0.4946 0.643
vt 0.9995 0.643
vt 0.9995 0.7346
vt 0.4946 0.823
vt 0.4946 0.7346
vt 0.9995 0.7346
vt 0.9995 0.823
vt 0.4946 0.9113
vt 0.4946 0.823
vt 0.9995 0.823
vt 0.9995 0.9113
vt 0.4946 0.9996
vt 0.4946 0.9113
vt 0.9995 0.9113
vt 0.9995 0.9996
vt 0.0005 0.9088
vt 0.4919 0.9088
vt 0.4919 0.9997
vt 0.0005 0.9997
vt 0.0005 0.818
vt 0.4919 0.818
vt 0.4919 0.9088
vt 0.0005 0.9088
vt 0.0005 0.7271
vt 0.4919 0.7271
vt 0.4919 0.818
vt 0.0005 0.818
vt 0.0005 0.6357
vt 0.4919 0.6357
vt 0.4919 0.7271
vt 0.0005 0.7271
vt 0.0005 0.5448
vt 0.4919 0.5448
vt 0.4919 0.6357
vt 0.0005 0.6357
vt 0.0005 0.45389999999999997
vt 0.4919 0.45389999999999997
vt 0.4919 0.5448
vt 0.0005 0.5448
vt 0.0005 0.3631
vt 0.4919 0.3631
vt 0.4919 0.45389999999999997
vt 0.0005 0.45389999999999997
vt 0.0897 0.14569999999999994
vt 0.6373 0.14569999999999994
vt 0.6373 0.16600000000000004
vt 0.0897 0.16600000000000004
vt 0.5373 0.2639
vt 0.6716 0.24170000000000003
vt 0.6702 0.23319999999999996
vt 0.5359 0.25540000000000007
vt 0.403 0.2861
vt 0.5373 0.2639
vt 0.5359 0.25540000000000007
vt 0.4016 0.2775000000000001
vt 0.2687 0.30820000000000003
vt 0.403 0.2861
vt 0.4016 0.2775000000000001
vt 0.2673 0.2997000000000001
vt 0.132 0.31800000000000006
vt 0.2687 0.30820000000000003
vt 0.2673 0.2997000000000001
vt 0.134 0.3096
vt 0.0254 0.23319999999999996
vt 0.132 0.31800000000000006
vt 0.134 0.3096
vt 0.0332 0.22930000000000006
vt 0.0225 0.09699999999999998
vt 0.0254 0.23319999999999996
vt 0.0332 0.22930000000000006
vt 0.0304 0.10050000000000003
vt 0.1252 0.007600000000000051
vt 0.0225 0.09699999999999998
vt 0.0304 0.10050000000000003
vt 0.1276 0.015900000000000025
vt 0.0903 0.14559999999999995
vt 0.6357 0.14480000000000004
vt 0.6357 0.16310000000000002
vt 0.0903 0.16389999999999993
vt 0.0244 0.09729999999999994
vt 0.1269 0.007600000000000051
vt 0.1293 0.015900000000000025
vt 0.0323 0.1008
vt 0.0277 0.23350000000000004
vt 0.0244 0.09729999999999994
vt 0.0323 0.1008
vt 0.0355 0.22970000000000002
vt 0.1344 0.31820000000000004
vt 0.0277 0.23350000000000004
vt 0.0355 0.22970000000000002
vt 0.1364 0.3097
vt 0.271 0.30820000000000003
vt 0.1344 0.31820000000000004
vt 0.1364 0.3097
vt 0.2696 0.2996
vt 0.4052 0.2861
vt 0.271 0.30820000000000003
vt 0.2696 0.2996
vt 0.4038 0.2775000000000001
vt 0.5393 0.264
vt 0.4052 0.2861
vt 0.4038 0.2775000000000001
vt 0.5379 0.25550000000000006
vt 0.6735 0.24209999999999998
vt 0.5393 0.264
vt 0.5379 0.25550000000000006
vt 0.6721 0.23350000000000004
vn 0 -0.5330804981187629 0.8460645262185691
vn 0 0.4790888211632981 0.8777664276083709
vn 0 0.9876921595188382 0.15641035139981618
vn 0 0.7649263001010911 -0.6441178117500366
vn 0 0.2951905729001815 -0.9554383944927389
vn 0 0.16452930185848505 -0.9863721958925847
vn 0 0.008758327084580566 -0.9999616451177914
vn 0 0.5289918603153474 -0.8486268978297284
vn 0 -0.4696479393046111 -0.8828537892012087
vn 0 -0.986516671702505 -0.16366079693381716
vn 0 -0.7690878898572266 0.6391430338155604
vn 0 -0.29011068935261375 0.9569930971137417
vn 0 -0.1609878848097092 0.9869563824934189
vn 0 -0.0043409594808904665 0.9999905779910055
vn 0 0.8644215104465021 0.5027677916070082
vn 1 0 0
vn 1 0 0
vn 1 0 0
vn 1 0 0
vn 1 0 0
vn 1 0 0
vn 1 0 0
vn 0 0.9125809858479289 -0.4088960066677375
vn -1 0 0
vn -1 0 0
vn -1 0 0
vn -1 0 0
vn -1 0 0
vn -1 0 0
vn -1 0 0
usemtl paper_1
f 1/1/1 2/2/1 3/3/1 4/4/1
f 5/5/2 1/6/2 4/7/2 6/8/2
f 7/9/3 5/10/3 6/11/3 8/12/3
f 9/13/4 7/14/4 8/15/4 10/16/4
f 11/17/5 9/18/5 10/19/5 12/20/5
f 13/21/6 11/22/6 12/23/6 14/24/6
f 15/25/7 13/26/7 14/27/7 16/28/7
f 17/29/8 18/30/8 19/31/8 20/32/8
f 21/33/9 22/34/9 18/35/9 17/36/9
f 23/37/10 24/38/10 22/39/10 21/40/10
f 25/41/11 26/42/11 24/43/11 23/44/11
f 27/45/12 28/46/12 26/47/12 25/48/12
f 29/49/13 30/50/13 28/51/13 27/52/13
f 31/53/14 32/54/14 30/55/14 29/56/14
f 20/57/15 19/58/15 3/59/15 2/60/15
f 17/61/16 20/62/16 2/63/16 1/64/16
f 21/65/17 17/66/17 1/67/17 5/68/17
f 23/69/18 21/70/18 5/71/18 7/72/18
f 25/73/19 23/74/19 7/75/19 9/76/19
f 27/77/20 25/78/20 9/79/20 11/80/20
f 29/81/21 27/82/21 11/83/21 13/84/21
f 31/85/22 29/86/22 13/87/22 15/88/22
f 32/89/23 31/90/23 15/91/23 16/92/23
f 30/93/24 32/94/24 16/95/24 14/96/24
f 28/97/25 30/98/25 14/99/25 12/100/25
f 26/101/26 28/102/26 12/103/26 10/104/26
f 24/105/27 26/106/27 10/107/27 8/108/27
f 22/109/28 24/110/28 8/111/28 6/112/28
f 18/113/29 22/114/29 6/115/29 4/116/29
f 19/117/30 18/118/30 4/119/30 3/120/30
o paperLine4
v 0.12499999999999989 0.3448663076533198 0.5017444288389512
v 0.12499999999999989 0.3837537886467309 0.5266156835205992
v -0.12500000000000006 0.3837537886467309 0.5266156835205992
v -0.12500000000000006 0.3448663076533198 0.5017444288389513
v 0.12499999999999989 0.3059788266599088 0.47687317415730324
v -0.1250000000000001 0.3059788266599088 0.47687317415730335
v 0.12499999999999989 0.2670913456664977 0.45210140449438196
v -0.1250000000000001 0.2670913456664977 0.45210140449438196
v 0.12499999999999989 0.22712365686771413 0.43120955056179766
v -0.1250000000000001 0.22712365686771413 0.43120955056179777
v 0.12499999999999989 0.19422641915864167 0.4594632958801498
v -0.1250000000000001 0.19422641915864167 0.4594632958801498
v 0.12499999999999989 0.1944228205778003 0.5035351591760299
v -0.12500000000000006 0.1944228205778003 0.5035351591760299
v 0.12499999999999989 0.228007463253928 0.5315899344569287
v -0.12500000000000006 0.228007463253928 0.5315899344569288
v 0.12499999999999989 0.3464375190065889 0.49925730337078644
v -0.12500000000000006 0.3464375190065889 0.49925730337078655
v -0.12500000000000006 0.38532500000000003 0.5241285580524344
v 0.12499999999999989 0.38532500000000003 0.5241285580524344
v 0.12499999999999989 0.30755003801317793 0.4743860486891385
v -0.1250000000000001 0.30755003801317793 0.4743860486891386
v 0.12499999999999989 0.2686625570197668 0.4495147940074906
v -0.1250000000000001 0.2686625570197668 0.4495147940074906
v 0.12499999999999989 0.22712365686771413 0.42822499999999997
v -0.1250000000000001 0.22712365686771413 0.42822499999999997
v 0.12499999999999989 0.191575 0.45816999063670405
v -0.1250000000000001 0.191575 0.45816999063670405
v 0.12499999999999989 0.19177140141915866 0.5048284644194756
v -0.12500000000000006 0.19177140141915866 0.5048284644194756
v 0.12499999999999989 0.2273200582868728 0.5344749999999999
v -0.12500000000000006 0.2273200582868728 0.5344749999999999
vt 0.4946 0.45629999999999993
vt 0.4946 0.363
vt 0.9995 0.363
vt 0.9995 0.45629999999999993
vt 0.4946 0.5497
vt 0.4946 0.45629999999999993
vt 0.9995 0.45629999999999993
vt 0.9995 0.5497
vt 0.4946 0.643
vt 0.4946 0.5497
vt 0.9995 0.5497
vt 0.9995 0.643
vt 0.4946 0.7346
vt 0.4946 0.643
vt 0.9995 0.643
vt 0.9995 0.7346
vt 0.4946 0.823
vt 0.4946 0.7346
vt 0.9995 0.7346
vt 0.9995 0.823
vt 0.4946 0.9113
vt 0.4946 0.823
vt 0.9995 0.823
vt 0.9995 0.9113
vt 0.4946 0.9996
vt 0.4946 0.9113
vt 0.9995 0.9113
vt 0.9995 0.9996
vt 0.0005 0.9088
vt 0.4919 0.9088
vt 0.4919 0.9997
vt 0.0005 0.9997
vt 0.0005 0.818
vt 0.4919 0.818
vt 0.4919 0.9088
vt 0.0005 0.9088
vt 0.0005 0.7271
vt 0.4919 0.7271
vt 0.4919 0.818
vt 0.0005 0.818
vt 0.0005 0.6357
vt 0.4919 0.6357
vt 0.4919 0.7271
vt 0.0005 0.7271
vt 0.0005 0.5448
vt 0.4919 0.5448
vt 0.4919 0.6357
vt 0.0005 0.6357
vt 0.0005 0.45389999999999997
vt 0.4919 0.45389999999999997
vt 0.4919 0.5448
vt 0.0005 0.5448
vt 0.0005 0.3631
vt 0.4919 0.3631
vt 0.4919 0.45389999999999997
vt 0.0005 0.45389999999999997
vt 0.0897 0.14569999999999994
vt 0.6373 0.14569999999999994
vt 0.6373 0.16600000000000004
vt 0.0897 0.16600000000000004
vt 0.5373 0.2639
vt 0.6716 0.24170000000000003
vt 0.6702 0.23319999999999996
vt 0.5359 0.25540000000000007
vt 0.403 0.2861
vt 0.5373 0.2639
vt 0.5359 0.25540000000000007
vt 0.4016 0.2775000000000001
vt 0.2687 0.30820000000000003
vt 0.403 0.2861
vt 0.4016 0.2775000000000001
vt 0.2673 0.2997000000000001
vt 0.132 0.31800000000000006
vt 0.2687 0.30820000000000003
vt 0.2673 0.2997000000000001
vt 0.134 0.3096
vt 0.0254 0.23319999999999996
vt 0.132 0.31800000000000006
vt 0.134 0.3096
vt 0.0332 0.22930000000000006
vt 0.0225 0.09699999999999998
vt 0.0254 0.23319999999999996
vt 0.0332 0.22930000000000006
vt 0.0304 0.10050000000000003
vt 0.1252 0.007600000000000051
vt 0.0225 0.09699999999999998
vt 0.0304 0.10050000000000003
vt 0.1276 0.015900000000000025
vt 0.0903 0.14559999999999995
vt 0.6357 0.14480000000000004
vt 0.6357 0.16310000000000002
vt 0.0903 0.16389999999999993
vt 0.0244 0.09729999999999994
vt 0.1269 0.007600000000000051
vt 0.1293 0.015900000000000025
vt 0.0323 0.1008
vt 0.0277 0.23350000000000004
vt 0.0244 0.09729999999999994
vt 0.0323 0.1008
vt 0.0355 0.22970000000000002
vt 0.1344 0.31820000000000004
vt 0.0277 0.23350000000000004
vt 0.0355 0.22970000000000002
vt 0.1364 0.3097
vt 0.271 0.30820000000000003
vt 0.1344 0.31820000000000004
vt 0.1364 0.3097
vt 0.2696 0.2996
vt 0.4052 0.2861
vt 0.271 0.30820000000000003
vt 0.2696 0.2996
vt 0.4038 0.2775000000000001
vt 0.5393 0.264
vt 0.4052 0.2861
vt 0.4038 0.2775000000000001
vt 0.5379 0.25550000000000006
vt 0.6735 0.24209999999999998
vt 0.5393 0.264
vt 0.5379 0.25550000000000006
vt 0.6721 0.23350000000000004
vn 0 -0.5387965079930817 0.8424359459178256
vn 0 -0.5387965079930824 0.8424359459178248
vn 0 -0.5372643103275732 0.8434139320927994
vn 0 -0.4632481657748629 0.8862286030738489
vn 0 0.6515369989876706 0.7586168591259623
vn 0 0.9999900704411424 -0.004456345938011331
vn 0 0.641095250468097 -0.7674613213884124
vn 0 0.538796507993081 -0.8424359459178258
vn 0 0.538796507993083 -0.8424359459178246
vn 0 0.538796507993081 -0.8424359459178258
vn 0 0.45610958513444466 -0.8899236182664694
vn 0 -0.6442525490184927 -0.7648128222533763
vn 0 -0.999991140842581 0.0042093035473461
vn 0 -0.6404731968563453 0.7679805232612436
vn 0 0.8454282359137967 0.5340890355733636
vn 1 0 0
vn 1 0 0
vn 1 0 0
vn 1 0 0
vn 1 0 0
vn 1 0 0
vn 1 0 0
vn 0 0.9727693860490811 0.23177515303779622
vn -1 0 0
vn -1 0 0
vn -1 0 0
vn -1 0 0
vn -1 0 0
vn -1 0 0
vn -1 0 0
usemtl paper_4
f 33/121/31 34/122/31 35/123/31 36/124/31
f 37/125/32 33/126/32 36/127/32 38/128/32
f 39/129/33 37/130/33 38/131/33 40/132/33
f 41/133/34 39/134/34 40/135/34 42/136/34
f 43/137/35 41/138/35 42/139/35 44/140/35
f 45/141/36 43/142/36 44/143/36 46/144/36
f 47/145/37 45/146/37 46/147/37 48/148/37
f 49/149/38 50/150/38 51/151/38 52/152/38
f 53/153/39 54/154/39 50/155/39 49/156/39
f 55/157/40 56/158/40 54/159/40 53/160/40
f 57/161/41 58/162/41 56/163/41 55/164/41
f 59/165/42 60/166/42 58/167/42 57/168/42
f 61/169/43 62/170/43 60/171/43 59/172/43
f 63/173/44 64/174/44 62/175/44 61/176/44
f 52/177/45 51/178/45 35/179/45 34/180/45
f 49/181/46 52/182/46 34/183/46 33/184/46
f 53/185/47 49/186/47 33/187/47 37/188/47
f 55/189/48 53/190/48 37/191/48 39/192/48
f 57/193/49 55/194/49 39/195/49 41/196/49
f 59/197/50 57/198/50 41/199/50 43/200/50
f 61/201/51 59/202/51 43/203/51 45/204/51
f 63/205/52 61/206/52 45/207/52 47/208/52
f 64/209/53 63/210/53 47/211/53 48/212/53
f 62/213/54 64/214/54 48/215/54 46/216/54
f 60/217/55 62/218/55 46/219/55 44/220/55
f 58/221/56 60/222/56 44/223/56 42/224/56
f 56/225/57 58/226/57 42/227/57 40/228/57
f 54/229/58 56/230/58 40/231/58 38/232/58
f 50/233/59 54/234/59 38/235/59 36/236/59
f 51/237/60 50/238/60 36/239/60 35/240/60
o paperLine3
v 0.12499999999999989 0.30834881889763777 0.4801789272030651
v 0.12499999999999989 0.3473251968503937 0.5041252873563218
v -0.12500000000000006 0.3473251968503937 0.5041252873563218
v -0.1250000000000001 0.30834881889763777 0.4801789272030651
v 0.12499999999999989 0.2692740157480315 0.4562325670498083
v -0.1250000000000001 0.2692740157480315 0.4562325670498084
v 0.12499999999999989 0.23088818897637797 0.4325735632183907
v -0.1250000000000001 0.23088818897637797 0.4325735632183908
v 0.12499999999999989 0.19447086614173226 0.45709463601532563
v -0.1250000000000001 0.19447086614173226 0.45709463601532563
v 0.12499999999999989 0.18915590551181105 0.49924022988505734
v -0.12500000000000006 0.18915590551181105 0.49924022988505745
v 0.12499999999999989 0.2147464566929134 0.5338187739463601
v -0.12500000000000006 0.2147464566929134 0.5338187739463601
v 0.12499999999999989 0.25500236220472444 0.5519222222222221
v -0.12500000000000006 0.25500236220472444 0.5519222222222222
v 0.12499999999999989 0.3099236220472441 0.47778429118773935
v -0.1250000000000001 0.3099236220472441 0.47778429118773946
v -0.12500000000000006 0.3489 0.5017306513409961
v 0.12499999999999989 0.3489 0.501730651340996
v 0.12499999999999989 0.2708488188976378 0.45383793103448267
v -0.1250000000000001 0.2708488188976378 0.4538379310344828
v 0.12499999999999989 0.2312818897637795 0.42969999999999997
v -0.1250000000000001 0.2312818897637795 0.42969999999999997
v 0.12499999999999989 0.19201023622047247 0.4555620689655172
v -0.1250000000000001 0.19201023622047247 0.4555620689655172
v 0.12499999999999989 0.1864 0.5001022988505747
v -0.12500000000000006 0.1864 0.5001022988505747
v 0.12499999999999989 0.21336850393700788 0.5363091954022988
v -0.12500000000000006 0.21336850393700788 0.5363091954022988
v 0.12499999999999989 0.2545102362204725 0.5547
v -0.12500000000000006 0.2545102362204725 0.5547
vt 0.4946 0.45629999999999993
vt 0.4946 0.363
vt 0.9995 0.363
vt 0.9995 0.45629999999999993
vt 0.4946 0.5497
vt 0.4946 0.45629999999999993
vt 0.9995 0.45629999999999993
vt 0.9995 0.5497
vt 0.4946 0.643
vt 0.4946 0.5497
vt 0.9995 0.5497
vt 0.9995 0.643
vt 0.4946 0.7346
vt 0.4946 0.643
vt 0.9995 0.643
vt 0.9995 0.7346
vt 0.4946 0.823
vt 0.4946 0.7346
vt 0.9995 0.7346
vt 0.9995 0.823
vt 0.4946 0.9113
vt 0.4946 0.823
vt 0.9995 0.823
vt 0.9995 0.9113
vt 0.4946 0.9996
vt 0.4946 0.9113
vt 0.9995 0.9113
vt 0.9995 0.9996
vt 0.0005 0.9088
vt 0.4919 0.9088
vt 0.4919 0.9997
vt 0.0005 0.9997
vt 0.0005 0.818
vt 0.4919 0.818
vt 0.4919 0.9088
vt 0.0005 0.9088
vt 0.0005 0.7271
vt 0.4919 0.7271
vt 0.4919 0.818
vt 0.0005 0.818
vt 0.0005 0.6357
vt 0.4919 0.6357
vt 0.4919 0.7271
vt 0.0005 0.7271
vt 0.0005 0.5448
vt 0.4919 0.5448
vt 0.4919 0.6357
vt 0.0005 0.6357
vt 0.0005 0.45389999999999997
vt 0.4919 0.45389999999999997
vt 0.4919 0.5448
vt 0.0005 0.5448
vt 0.0005 0.3631
vt 0.4919 0.3631
vt 0.4919 0.45389999999999997
vt 0.0005 0.45389999999999997
vt 0.0897 0.14569999999999994
vt 0.6373 0.14569999999999994
vt 0.6373 0.16600000000000004
vt 0.0897 0.16600000000000004
vt 0.5373 0.2639
vt 0.6716 0.24170000000000003
vt 0.6702 0.23319999999999996
vt 0.5359 0.25540000000000007
vt 0.403 0.2861
vt 0.5373 0.2639
vt 0.5359 0.25540000000000007
vt 0.4016 0.2775000000000001
vt 0.2687 0.30820000000000003
vt 0.403 0.2861
vt 0.4016 0.2775000000000001
vt 0.2673 0.2997000000000001
vt 0.132 0.31800000000000006
vt 0.2687 0.30820000000000003
vt 0.2673 0.2997000000000001
vt 0.134 0.3096
vt 0.0254 0.23319999999999996
vt 0.132 0.31800000000000006
vt 0.134 0.3096
vt 0.0332 0.22930000000000006
vt 0.0225 0.09699999999999998
vt 0.0254 0.23319999999999996
vt 0.0332 0.22930000000000006
vt 0.0304 0.10050000000000003
vt 0.1252 0.007600000000000051
vt 0.0225 0.09699999999999998
vt 0.0304 0.10050000000000003
vt 0.1276 0.015900000000000025
vt 0.0903 0.14559999999999995
vt 0.6357 0.14480000000000004
vt 0.6357 0.16310000000000002
vt 0.0903 0.16389999999999993
vt 0.0244 0.09729999999999994
vt 0.1269 0.007600000000000051
vt 0.1293 0.015900000000000025
vt 0.0323 0.1008
vt 0.0277 0.23350000000000004
vt 0.0244 0.09729999999999994
vt 0.0323 0.1008
vt 0.0355 0.22970000000000002
vt 0.1344 0.31820000000000004
vt 0.0277 0.23350000000000004
vt 0.0355 0.22970000000000002
vt 0.1364 0.3097
vt 0.271 0.30820000000000003
vt 0.1344 0.31820000000000004
vt 0.1364 0.3097
vt 0.2696 0.2996
vt 0.4052 0.2861
vt 0.271 0.30820000000000003
vt 0.2696 0.2996
vt 0.4038 0.2775000000000001
vt 0.5393 0.264
vt 0.4052 0.2861
vt 0.4038 0.2775000000000001
vt 0.5379 0.25550000000000006
vt 0.6735 0.24209999999999998
vt 0.5393 0.264
vt 0.5379 0.25550000000000006
vt 0.6721 0.23350000000000004
vn 0 -0.5234772728748174 0.8520396380354285
vn 0 -0.5225190280424916 0.8526276240736808
vn 0 -0.5246917686687167 0.8512922811181212
vn 0 0.5585239182128566 0.8294884163049889
vn 0 0.9921418014893546 0.1251185267554656
vn 0 0.8038149039553035 -0.5948794837438304
vn 0 0.41014405926829456 -0.9120207512150837
vn 0 0.5234772728748179 -0.8520396380354281
vn 0 0.5225190280424903 -0.8526276240736818
vn 0 0.5207922902562678 -0.853683425169794
vn 0 -0.5499942532695137 -0.8351684389214612
vn 0 -0.9921603472306951 -0.12497137825544931
vn 0 -0.8019802765932496 0.5973505134804983
vn 0 -0.4080941110003286 0.912939864704599
vn 0 0.8355156404673953 0.5494666637152414
vn 1 0 0
vn 1 0 0
vn 1 0 0
vn 1 0 0
vn 1 0 0
vn 1 0 0
vn 1 0 0
vn 0 0.9846662556378994 0.17444874607757743
vn -1 0 0
vn -1 0 0
vn -1 0 0
vn -1 0 0
vn -1 0 0
vn -1 0 0
vn -1 0 0
usemtl paper_3
f 65/241/61 66/242/61 67/243/61 68/244/61
f 69/245/62 65/246/62 68/247/62 70/248/62
f 71/249/63 69/250/63 70/251/63 72/252/63
f 73/253/64 71/254/64 72/255/64 74/256/64
f 75/257/65 73/258/65 74/259/65 76/260/65
f 77/261/66 75/262/66 76/263/66 78/264/66
f 79/265/67 77/266/67 78/267/67 80/268/67
f 81/269/68 82/270/68 83/271/68 84/272/68
f 85/273/69 86/274/69 82/275/69 81/276/69
f 87/277/70 88/278/70 86/279/70 85/280/70
f 89/281/71 90/282/71 88/283/71 87/284/71
f 91/285/72 92/286/72 90/287/72 89/288/72
f 93/289/73 94/290/73 92/291/73 91/292/73
f 95/293/74 96/294/74 94/295/74 93/296/74
f 84/297/75 83/298/75 67/299/75 66/300/75
f 81/301/76 84/302/76 66/303/76 65/304/76
f 85/305/77 81/306/77 65/307/77 69/308/77
f 87/309/78 85/310/78 69/311/78 71/312/78
f 89/313/79 87/314/79 71/315/79 73/316/79
f 91/317/80 89/318/80 73/319/80 75/320/80
f 93/321/81 91/322/81 75/323/81 77/324/81
f 95/325/82 93/326/82 77/327/82 79/328/82
f 96/329/83 95/330/83 79/331/83 80/332/83
f 94/333/84 96/334/84 80/335/84 78/336/84
f 92/337/85 94/338/85 78/339/85 76/340/85
f 90/341/86 92/342/86 76/343/86 74/344/86
f 88/345/87 90/346/87 74/347/87 72/348/87
f 86/349/88 88/350/88 72/351/88 70/352/88
f 82/353/89 86/354/89 70/355/89 68/356/89
f 83/357/90 82/358/90 68/359/90 67/360/90
o paperLine2
v 0.12499999999999989 0.2743721789883269 0.4610374517374517
v 0.12499999999999989 0.312893579766537 0.48516872586872584
v -0.12500000000000006 0.312893579766537 0.48516872586872584
v -0.1250000000000001 0.2743721789883269 0.4610374517374517
v 0.12499999999999989 0.23653171206225682 0.43719575289575285
v -0.1250000000000001 0.23653171206225682 0.43719575289575285
v 0.12499999999999989 0.19791303501945523 0.45814169884169875
v -0.1250000000000001 0.19791303501945523 0.45814169884169875
v 0.12499999999999989 0.19227101167315172 0.5015779922779923
v -0.12500000000000006 0.19227101167315172 0.5015779922779923
v 0.12499999999999989 0.21727101167315171 0.5365200772200771
v -0.12500000000000006 0.21727101167315171 0.5365200772200772
v 0.12499999999999989 0.2588079766536965 0.5487787644787644
v -0.12500000000000006 0.2588079766536965 0.5487787644787645
v 0.12499999999999989 0.3026795719844358 0.556404247104247
v -0.12500000000000006 0.3026795719844358 0.5564042471042471
v 0.12499999999999989 0.2759285992217899 0.4586243243243242
v -0.1250000000000001 0.2759285992217899 0.4586243243243243
v -0.12500000000000006 0.31445 0.48275559845559846
v 0.12499999999999989 0.31445 0.48275559845559834
v 0.12499999999999989 0.23682354085603113 0.4342999999999999
v -0.1250000000000001 0.23682354085603113 0.4342999999999999
v 0.12499999999999989 0.19557840466926069 0.4564042471042471
v -0.1250000000000001 0.19557840466926069 0.4564042471042471
v 0.12499999999999989 0.18945 0.5020606177606177
v -0.12500000000000006 0.18945 0.5020606177606177
v 0.12499999999999989 0.21561731517509727 0.5389332046332045
v -0.12500000000000006 0.21561731517509727 0.5389332046332046
v 0.12499999999999989 0.2591970817120623 0.5515779922779922
v -0.12500000000000006 0.2591970817120623 0.5515779922779922
v 0.12499999999999989 0.30248501945525297 0.5592999999999999
v -0.12500000000000006 0.30248501945525297 0.5592999999999999
vt 0.4946 0.45629999999999993
vt 0.4946 0.363
vt 0.9995 0.363
vt 0.9995 0.45629999999999993
vt 0.4946 0.5497
vt 0.4946 0.45629999999999993
vt 0.9995 0.45629999999999993
vt 0.9995 0.5497
vt 0.4946 0.643
vt 0.4946 0.5497
vt 0.9995 0.5497
vt 0.9995 0.643
vt 0.4946 0.7346
vt 0.4946 0.643
vt 0.9995 0.643
vt 0.9995 0.7346
vt 0.4946 0.823
vt 0.4946 0.7346
vt 0.9995 0.7346
vt 0.9995 0.823
vt 0.4946 0.9113
vt 0.4946 0.823
vt 0.9995 0.823
vt 0.9995 0.9113
vt 0.4946 0.9996
vt 0.4946 0.9113
vt 0.9995 0.9113
vt 0.9995 0.9996
vt 0.0005 0.9088
vt 0.4919 0.9088
vt 0.4919 0.9997
vt 0.0005 0.9997
vt 0.0005 0.818
vt 0.4919 0.818
vt 0.4919 0.9088
vt 0.0005 0.9088
vt 0.0005 0.7271
vt 0.4919 0.7271
vt 0.4919 0.818
vt 0.0005 0.818
vt 0.0005 0.6357
vt 0.4919 0.6357
vt 0.4919 0.7271
vt 0.0005 0.7271
vt 0.0005 0.5448
vt 0.4919 0.5448
vt 0.4919 0.6357
vt 0.0005 0.6357
vt 0.0005 0.45389999999999997
vt 0.4919 0.45389999999999997
vt 0.4919 0.5448
vt 0.0005 0.5448
vt 0.0005 0.3631
vt 0.4919 0.3631
vt 0.4919 0.45389999999999997
vt 0.0005 0.45389999999999997
vt 0.0897 0.14569999999999994
vt 0.6373 0.14569999999999994
vt 0.6373 0.16600000000000004
vt 0.0897 0.16600000000000004
vt 0.5373 0.2639
vt 0.6716 0.24170000000000003
vt 0.6702 0.23319999999999996
vt 0.5359 0.25540000000000007
vt 0.403 0.2861
vt 0.5373 0.2639
vt 0.5359 0.25540000000000007
vt 0.4016 0.2775000000000001
vt 0.2687 0.30820000000000003
vt 0.403 0.2861
vt 0.4016 0.2775000000000001
vt 0.2673 0.2997000000000001
vt 0.132 0.31800000000000006
vt 0.2687 0.30820000000000003
vt 0.2673 0.2997000000000001
vt 0.134 0.3096
vt 0.0254 0.23319999999999996
vt 0.132 0.31800000000000006
vt 0.134 0.3096
vt 0.0332 0.22930000000000006
vt 0.0225 0.09699999999999998
vt 0.0254 0.23319999999999996
vt 0.0332 0.22930000000000006
vt 0.0304 0.10050000000000003
vt 0.1252 0.007600000000000051
vt 0.0225 0.09699999999999998
vt 0.0304 0.10050000000000003
vt 0.1276 0.015900000000000025
vt 0.0903 0.14559999999999995
vt 0.6357 0.14480000000000004
vt 0.6357 0.16310000000000002
vt 0.0903 0.16389999999999993
vt 0.0244 0.09729999999999994
vt 0.1269 0.007600000000000051
vt 0.1293 0.015900000000000025
vt 0.0323 0.1008
vt 0.0277 0.23350000000000004
vt 0.0244 0.09729999999999994
vt 0.0323 0.1008
vt 0.0355 0.22970000000000002
vt 0.1344 0.31820000000000004
vt 0.0277 0.23350000000000004
vt 0.0355 0.22970000000000002
vt 0.1364 0.3097
vt 0.271 0.30820000000000003
vt 0.1344 0.31820000000000004
vt 0.1364 0.3097
vt 0.2696 0.2996
vt 0.4052 0.2861
vt 0.271 0.30820000000000003
vt 0.2696 0.2996
vt 0.4038 0.2775000000000001
vt 0.5393 0.264
vt 0.4052 0.2861
vt 0.4038 0.2775000000000001
vt 0.5379 0.25550000000000006
vt 0.6735 0.24209999999999998
vt 0.5393 0.264
vt 0.5379 0.25550000000000006
vt 0.6721 0.23350000000000004
vn 0 -0.5308750545461498 0.8474501026376848
vn 0 -0.533072944088056 0.8460692857451405
vn 0 0.4767669590418996 0.8790297303083324
vn 0 0.9916693141325871 0.1288098265188043
vn 0 0.8132778247249054 -0.5818755707285932
vn 0 0.2830573569207617 -0.9591029833615538
vn 0 0.17124613466955146 -0.9852282788068651
vn 0 0.5308750545461498 -0.8474501026376848
vn 0 0.528181160684816 -0.8491317103357058
vn 0 -0.4723648434287876 -0.8814031170199577
vn 0 -0.9911112360109936 -0.13303577658945992
vn 0 -0.8155105594143067 0.578742194317785
vn 0 -0.2786597370090908 0.9603898952873382
vn 0 -0.17561473629240687 0.9844589703979281
vn 0 0.8403658355693993 0.5420196144123806
vn 1 0 0
vn 1 0 0
vn 1 0 0
vn 1 0 0
vn 1 0 0
vn 1 0 0
vn 1 0 0
vn 0 0.9977506681470683 0.06703435098573711
vn -1 0 0
vn -1 0 0
vn -1 0 0
vn -1 0 0
vn -1 0 0
vn -1 0 0
vn -1 0 0
usemtl paper_2
f 97/361/91 98/362/91 99/363/91 100/364/91
f 101/365/92 97/366/92 100/367/92 102/368/92
f 103/369/93 101/370/93 102/371/93 104/372/93
f 105/373/94 103/374/94 104/375/94 106/376/94
f 107/377/95 105/378/95 106/379/95 108/380/95
f 109/381/96 107/382/96 108/383/96 110/384/96
f 111/385/97 109/386/97 110/387/97 112/388/97
f 113/389/98 114/390/98 115/391/98 116/392/98
f 117/393/99 118/394/99 114/395/99 113/396/99
f 119/397/100 120/398/100 118/399/100 117/400/100
f 121/401/101 122/402/101 120/403/101 119/404/101
f 123/405/102 124/406/102 122/407/102 121/408/102
f 125/409/103 126/410/103 124/411/103 123/412/103
f 127/413/104 128/414/104 126/415/104 125/416/104
f 116/417/105 115/418/105 99/419/105 98/420/105
f 113/421/106 116/422/106 98/423/106 97/424/106
f 117/425/107 113/426/107 97/427/107 101/428/107
f 119/429/108 117/430/108 101/431/108 103/432/108
f 121/433/109 119/434/109 103/435/109 105/436/109
f 123/437/110 121/438/110 105/439/110 107/440/110
f 125/441/111 123/442/111 107/443/111 109/444/111
f 127/445/112 125/446/112 109/447/112 111/448/112
f 128/449/113 127/450/113 111/451/113 112/452/113
f 126/453/114 128/454/114 112/455/114 110/456/114
f 124/457/115 126/458/115 110/459/115 108/460/115
f 122/461/116 124/462/116 108/463/116 106/464/116
f 120/465/117 122/466/117 106/467/117 104/468/117
f 118/469/118 120/470/118 104/471/118 102/472/118
f 114/473/119 118/474/119 102/475/119 100/476/119
f 115/477/120 114/478/120 100/479/120 99/480/120
o paperLine7
v 0.12499999999999989 0.44082928669410154 0.5338199840127896
v 0.12499999999999989 0.4798724965706447 0.5588
v -0.12500000000000006 0.4798724965706447 0.5588
v -0.12500000000000006 0.44082928669410154 0.5338199840127897
v 0.12499999999999989 0.4017860768175583 0.5088399680255795
v -0.12500000000000006 0.4017860768175583 0.5088399680255795
v 0.12499999999999989 0.3626442729766804 0.4838599520383692
v -0.12500000000000006 0.3626442729766804 0.4838599520383693
v 0.12499999999999989 0.3220235596707819 0.4628767386091126
v -0.1250000000000001 0.3220235596707819 0.4628767386091127
v 0.12499999999999989 0.28140284636488344 0.44489112709832124
v -0.1250000000000001 0.28140284636488344 0.44489112709832135
v 0.12499999999999989 0.23752853223593964 0.4366976818545163
v -0.1250000000000001 0.23752853223593964 0.4366976818545164
v 0.12499999999999989 0.1960204732510288 0.4515857713828936
v -0.1250000000000001 0.1960204732510288 0.4515857713828937
v 0.12499999999999989 0.4424067901234568 0.5313219824140687
v -0.12500000000000006 0.4424067901234568 0.5313219824140687
v -0.12500000000000006 0.48145 0.5563019984012789
v 0.12499999999999989 0.48145 0.5563019984012789
v 0.12499999999999989 0.40336358024691354 0.5063419664268585
v -0.12500000000000006 0.40336358024691354 0.5063419664268585
v 0.12499999999999989 0.36422177640603565 0.48136195043964825
v -0.12500000000000006 0.36422177640603565 0.48136195043964825
v 0.12499999999999989 0.3231080932784637 0.46007897681854515
v -0.1250000000000001 0.3231080932784637 0.46007897681854515
v 0.12499999999999989 0.28130425240054874 0.44189352517985603
v -0.1250000000000001 0.28130425240054874 0.44189352517985614
v 0.12499999999999989 0.23703556241426613 0.43379999999999996
v -0.1250000000000001 0.23703556241426613 0.43379999999999996
v 0.12499999999999989 0.19394999999999998 0.44948745003996793
v -0.1250000000000001 0.19394999999999998 0.44948745003996804
vt 0.4946 0.45629999999999993
vt 0.4946 0.363
vt 0.9995 0.363
vt 0.9995 0.45629999999999993
vt 0.4946 0.5497
vt 0.4946 0.45629999999999993
vt 0.9995 0.45629999999999993
vt 0.9995 0.5497
vt 0.4946 0.643
vt 0.4946 0.5497
vt 0.9995 0.5497
vt 0.9995 0.643
vt 0.4946 0.7346
vt 0.4946 0.643
vt 0.9995 0.643
vt 0.9995 0.7346
vt 0.4946 0.823
vt 0.4946 0.7346
vt 0.9995 0.7346
vt 0.9995 0.823
vt 0.4946 0.9113
vt 0.4946 0.823
vt 0.9995 0.823
vt 0.9995 0.9113
vt 0.4946 0.9996
vt 0.4946 0.9113
vt 0.9995 0.9113
vt 0.9995 0.9996
vt 0.0005 0.9088
vt 0.4919 0.9088
vt 0.4919 0.9997
vt 0.0005 0.9997
vt 0.0005 0.818
vt 0.4919 0.818
vt 0.4919 0.9088
vt 0.0005 0.9088
vt 0.0005 0.7271
vt 0.4919 0.7271
vt 0.4919 0.818
vt 0.0005 0.818
vt 0.0005 0.6357
vt 0.4919 0.6357
vt 0.4919 0.7271
vt 0.0005 0.7271
vt 0.0005 0.5448
vt 0.4919 0.5448
vt 0.4919 0.6357
vt 0.0005 0.6357
vt 0.0005 0.45389999999999997
vt 0.4919 0.45389999999999997
vt 0.4919 0.5448
vt 0.0005 0.5448
vt 0.0005 0.3631
vt 0.4919 0.3631
vt 0.4919 0.45389999999999997
vt 0.0005 0.45389999999999997
vt 0.0897 0.14569999999999994
vt 0.6373 0.14569999999999994
vt 0.6373 0.16600000000000004
vt 0.0897 0.16600000000000004
vt 0.5373 0.2639
vt 0.6716 0.24170000000000003
vt 0.6702 0.23319999999999996
vt 0.5359 0.25540000000000007
vt 0.403 0.2861
vt 0.5373 0.2639
vt 0.5359 0.25540000000000007
vt 0.4016 0.2775000000000001
vt 0.2687 0.30820000000000003
vt 0.403 0.2861
vt 0.4016 0.2775000000000001
vt 0.2673 0.2997000000000001
vt 0.132 0.31800000000000006
vt 0.2687 0.30820000000000003
vt 0.2673 0.2997000000000001
vt 0.134 0.3096
vt 0.0254 0.23319999999999996
vt 0.132 0.31800000000000006
vt 0.134 0.3096
vt 0.0332 0.22930000000000006
vt 0.0225 0.09699999999999998
vt 0.0254 0.23319999999999996
vt 0.0332 0.22930000000000006
vt 0.0304 0.10050000000000003
vt 0.1252 0.007600000000000051
vt 0.0225 0.09699999999999998
vt 0.0304 0.10050000000000003
vt 0.1276 0.015900000000000025
vt 0.0903 0.14559999999999995
vt 0.6357 0.14480000000000004
vt 0.6357 0.16310000000000002
vt 0.0903 0.16389999999999993
vt 0.0244 0.09729999999999994
vt 0.1269 0.007600000000000051
vt 0.1293 0.015900000000000025
vt 0.0323 0.1008
vt 0.0277 0.23350000000000004
vt 0.0244 0.09729999999999994
vt 0.0323 0.1008
vt 0.0355 0.22970000000000002
vt 0.1344 0.31820000000000004
vt 0.0277 0.23350000000000004
vt 0.0355 0.22970000000000002
vt 0.1364 0.3097
vt 0.271 0.30820000000000003
vt 0.1344 0.31820000000000004
vt 0.1364 0.3097
vt 0.2696 0.2996
vt 0.4052 0.2861
vt 0.271 0.30820000000000003
vt 0.2696 0.2996
vt 0.4038 0.2775000000000001
vt 0.5393 0.264
vt 0.4052 0.2861
vt 0.4038 0.2775000000000001
vt 0.5379 0.25550000000000006
vt 0.6735 0.24209999999999998
vt 0.5393 0.264
vt 0.5379 0.25550000000000006
vt 0.6721 0.23350000000000004
vn 0 -0.5389367822553229 0.8423462142921276
vn 0 -0.5389367822553202 0.8423462142921294
vn 0 -0.5379724979428148 0.8429623902981486
vn 0 -0.45894831771605776 0.8884629658379692
vn 0 -0.4048591318407347 0.9143790698420249
vn 0 -0.1835744761711059 0.9830058045090599
vn 0 0.33761887261653295 0.9412828994798225
vn 0 0.5389367822553216 -0.8423462142921285
vn 0 0.538936782255321 -0.8423462142921289
vn 0 0.5379724979428139 -0.8429623902981491
vn 0 0.45971728613088175 -0.888065322390452
vn 0 0.3989081622959817 -0.9169908822085654
vn 0 0.1798462543442337 -0.983694731508891
vn 0 -0.3421277499376636 -0.9396534482044919
vn 0 0.84551668270628 0.5339490043678028
vn 1 0 0
vn 1 0 0
vn 1 0 0
vn 1 0 0
vn 1 0 0
vn 1 0 0
vn 1 0 0
vn 0 -0.7118144648809582 0.7023675445137219
vn -1 0 0
vn -1 0 0
vn -1 0 0
vn -1 0 0
vn -1 0 0
vn -1 0 0
vn -1 0 0
usemtl paper_7
f 129/481/121 130/482/121 131/483/121 132/484/121
f 133/485/122 129/486/122 132/487/122 134/488/122
f 135/489/123 133/490/123 134/491/123 136/492/123
f 137/493/124 135/494/124 136/495/124 138/496/124
f 139/497/125 137/498/125 138/499/125 140/500/125
f 141/501/126 139/502/126 140/503/126 142/504/126
f 143/505/127 141/506/127 142/507/127 144/508/127
f 145/509/128 146/510/128 147/511/128 148/512/128
f 149/513/129 150/514/129 146/515/129 145/516/129
f 151/517/130 152/518/130 150/519/130 149/520/130
f 153/521/131 154/522/131 152/523/131 151/524/131
f 155/525/132 156/526/132 154/527/132 153/528/132
f 157/529/133 158/530/133 156/531/133 155/532/133
f 159/533/134 160/534/134 158/535/134 157/536/134
f 148/537/135 147/538/135 131/539/135 130/540/135
f 145/541/136 148/542/136 130/543/136 129/544/136
f 149/545/137 145/546/137 129/547/137 133/548/137
f 151/549/138 149/550/138 133/551/138 135/552/138
f 153/553/139 151/554/139 135/555/139 137/556/139
f 155/557/140 153/558/140 137/559/140 139/560/140
f 157/561/141 155/562/141 139/563/141 141/564/141
f 159/565/142 157/566/142 141/567/142 143/568/142
f 160/569/143 159/570/143 143/571/143 144/572/143
f 158/573/144 160/574/144 144/575/144 142/576/144
f 156/577/145 158/578/145 142/579/145 140/580/145
f 154/581/146 156/582/146 140/583/146 138/584/146
f 152/585/147 154/586/147 138/587/147 136/588/147
f 150/589/148 152/590/148 136/591/148 134/592/148
f 146/593/149 150/594/149 134/595/149 132/596/149
f 147/597/150 146/598/150 132/599/150 131/600/150
o paperLine6
v 0.12499999999999989 0.40024654771140417 0.525790255658005
v 0.12499999999999989 0.43864840961986035 0.5506749999999999
v -0.12500000000000006 0.43864840961986035 0.550675
v -0.12500000000000006 0.40024654771140417 0.5257902556580051
v 0.12499999999999989 0.36184468580294804 0.50090551131601
v -0.12500000000000006 0.36184468580294804 0.50090551131601
v 0.12499999999999989 0.32334584949573314 0.476120305951383
v -0.1250000000000001 0.32334584949573314 0.4761203059513831
v 0.12499999999999989 0.2835863460046548 0.45521712070410725
v -0.1250000000000001 0.2835863460046548 0.45521712070410725
v 0.12499999999999989 0.24440868890612877 0.43491116932103935
v -0.1250000000000001 0.24440868890612877 0.43491116932103935
v 0.12499999999999989 0.20503708301008533 0.45252956831517177
v -0.1250000000000001 0.20503708301008533 0.45252956831517177
v 0.12499999999999989 0.19301225756400311 0.4949331726739312
v -0.12500000000000006 0.19301225756400311 0.4949331726739312
v 0.12499999999999989 0.40179813809154385 0.5233017812238054
v -0.12500000000000006 0.40179813809154385 0.5233017812238056
v -0.12500000000000006 0.4402 0.5481865255658005
v 0.12499999999999989 0.4402 0.5481865255658004
v 0.12499999999999989 0.36329930178432895 0.4984170368818105
v -0.12500000000000006 0.36329930178432895 0.4984170368818105
v 0.12499999999999989 0.3248974398758728 0.47353229253981555
v -0.1250000000000001 0.3248974398758728 0.47353229253981555
v 0.12499999999999989 0.28426516679596586 0.4522309513830678
v -0.1250000000000001 0.28426516679596586 0.4522309513830679
v 0.12499999999999989 0.2445056633048875 0.4319249999999999
v -0.1250000000000001 0.2445056633048875 0.431925
v 0.12499999999999989 0.2028066718386346 0.4506383277451801
v -0.1250000000000001 0.2028066718386346 0.4506383277451802
v 0.12499999999999989 0.1902 0.4953313285834031
v -0.12500000000000006 0.1902 0.4953313285834031
vt 0.4946 0.45629999999999993
vt 0.4946 0.363
vt 0.9995 0.363
vt 0.9995 0.45629999999999993
vt 0.4946 0.5497
vt 0.4946 0.45629999999999993
vt 0.9995 0.45629999999999993
vt 0.9995 0.5497
vt 0.4946 0.643
vt 0.4946 0.5497
vt 0.9995 0.5497
vt 0.9995 0.643
vt 0.4946 0.7346
vt 0.4946 0.643
vt 0.9995 0.643
vt 0.9995 0.7346
vt 0.4946 0.823
vt 0.4946 0.7346
vt 0.9995 0.7346
vt 0.9995 0.823
vt 0.4946 0.9113
vt 0.4946 0.823
vt 0.9995 0.823
vt 0.9995 0.9113
vt 0.4946 0.9996
vt 0.4946 0.9113
vt 0.9995 0.9113
vt 0.9995 0.9996
vt 0.0005 0.9088
vt 0.4919 0.9088
vt 0.4919 0.9997
vt 0.0005 0.9997
vt 0.0005 0.818
vt 0.4919 0.818
vt 0.4919 0.9088
vt 0.0005 0.9088
vt 0.0005 0.7271
vt 0.4919 0.7271
vt 0.4919 0.818
vt 0.0005 0.818
vt 0.0005 0.6357
vt 0.4919 0.6357
vt 0.4919 0.7271
vt 0.0005 0.7271
vt 0.0005 0.5448
vt 0.4919 0.5448
vt 0.4919 0.6357
vt 0.0005 0.6357
vt 0.0005 0.45389999999999997
vt 0.4919 0.45389999999999997
vt 0.4919 0.5448
vt 0.0005 0.5448
vt 0.0005 0.3631
vt 0.4919 0.3631
vt 0.4919 0.45389999999999997
vt 0.0005 0.45389999999999997
vt 0.0897 0.14569999999999994
vt 0.6373 0.14569999999999994
vt 0.6373 0.16600000000000004
vt 0.0897 0.16600000000000004
vt 0.5373 0.2639
vt 0.6716 0.24170000000000003
vt 0.6702 0.23319999999999996
vt 0.5359 0.25540000000000007
vt 0.403 0.2861
vt 0.5373 0.2639
vt 0.5359 0.25540000000000007
vt 0.4016 0.2775000000000001
vt 0.2687 0.30820000000000003
vt 0.403 0.2861
vt 0.4016 0.2775000000000001
vt 0.2673 0.2997000000000001
vt 0.132 0.31800000000000006
vt 0.2687 0.30820000000000003
vt 0.2673 0.2997000000000001
vt 0.134 0.3096
vt 0.0254 0.23319999999999996
vt 0.132 0.31800000000000006
vt 0.134 0.3096
vt 0.0332 0.22930000000000006
vt 0.0225 0.09699999999999998
vt 0.0254 0.23319999999999996
vt 0.0332 0.22930000000000006
vt 0.0304 0.10050000000000003
vt 0.1252 0.007600000000000051
vt 0.0225 0.09699999999999998
vt 0.0304 0.10050000000000003
vt 0.1276 0.015900000000000025
vt 0.0903 0.14559999999999995
vt 0.6357 0.14480000000000004
vt 0.6357 0.16310000000000002
vt 0.0903 0.16389999999999993
vt 0.0244 0.09729999999999994
vt 0.1269 0.007600000000000051
vt 0.1293 0.015900000000000025
vt 0.0323 0.1008
vt 0.0277 0.23350000000000004
vt 0.0244 0.09729999999999994
vt 0.0323 0.1008
vt 0.0355 0.22970000000000002
vt 0.1344 0.31820000000000004
vt 0.0277 0.23350000000000004
vt 0.0355 0.22970000000000002
vt 0.1364 0.3097
vt 0.271 0.30820000000000003
vt 0.1344 0.31820000000000004
vt 0.1364 0.3097
vt 0.2696 0.2996
vt 0.4052 0.2861
vt 0.271 0.30820000000000003
vt 0.2696 0.2996
vt 0.4038 0.2775000000000001
vt 0.5393 0.264
vt 0.4052 0.2861
vt 0.4038 0.2775000000000001
vt 0.5379 0.25550000000000006
vt 0.6735 0.24209999999999998
vt 0.5393 0.264
vt 0.5379 0.25550000000000006
vt 0.6721 0.23350000000000004
vn 0 -0.5438131020731206 0.8392063572290248
vn 0 -0.5438131020731222 0.8392063572290239
vn 0 -0.5413130870087003 0.8408211116718652
vn 0 -0.46534770710698564 0.8851279633421777
vn 0 -0.46016732549323197 0.8878322096817652
vn 0 0.4084585080699954 0.9127768879552295
vn 0 0.962064392770455 0.272822477379002
vn 0 0.5438131020731213 -0.8392063572290245
vn 0 0.5428473138953818 -0.8398314079602934
vn 0 0.5438131020731206 -0.8392063572290248
vn 0 0.4643109021923318 -0.8856722791785588
vn 0 0.45483447364466656 -0.8905759942780734
vn 0 -0.40943255643697835 -0.9123403869880367
vn 0 -0.9624443102905141 -0.2714791881331176
vn 0 0.8485658117516495 0.5290898440966946
vn 1 0 0
vn 1 0 0
vn 1 0 0
vn 1 0 0
vn 1 0 0
vn 1 0 0
vn 1 0 0
vn 0 0.14018079031544745 0.9901259243280809
vn -1 0 0
vn -1 0 0
vn -1 0 0
vn -1 0 0
vn -1 0 0
vn -1 0 0
vn -1 0 0
usemtl paper_6
f 161/601/151 162/602/151 163/603/151 164/604/151
f 165/605/152 161/606/152 164/607/152 166/608/152
f 167/609/153 165/610/153 166/611/153 168/612/153
f 169/613/154 167/614/154 168/615/154 170/616/154
f 171/617/155 169/618/155 170/619/155 172/620/155
f 173/621/156 171/622/156 172/623/156 174/624/156
f 175/625/157 173/626/157 174/627/157 176/628/157
f 177/629/158 178/630/158 179/631/158 180/632/158
f 181/633/159 182/634/159 178/635/159 177/636/159
f 183/637/160 184/638/160 182/639/160 181/640/160
f 185/641/161 186/642/161 184/643/161 183/644/161
f 187/645/162 188/646/162 186/647/162 185/648/162
f 189/649/163 190/650/163 188/651/163 187/652/163
f 191/653/164 192/654/164 190/655/164 189/656/164
f 180/657/165 179/658/165 163/659/165 162/660/165
f 177/661/166 180/662/166 162/663/166 161/664/166
f 181/665/167 177/666/167 161/667/167 165/668/167
f 183/669/168 181/670/168 165/671/168 167/672/168
f 185/673/169 183/674/169 167/675/169 169/676/169
f 187/677/170 185/678/170 169/679/170 171/680/170
f 189/681/171 187/682/171 171/683/171 173/684/171
f 191/685/172 189/686/172 173/687/172 175/688/172
f 192/689/173 191/690/173 175/691/173 176/692/173
f 190/693/174 192/694/174 176/695/174 174/696/174
f 188/697/175 190/698/175 174/699/175 172/700/175
f 186/701/176 188/702/176 172/703/176 170/704/176
f 184/705/177 186/706/177 170/707/177 168/708/177
f 182/709/178 184/710/178 168/711/178 166/712/178
f 178/713/179 182/714/179 166/715/179 164/716/179
f 179/717/180 178/718/180 164/719/180 163/720/180
o base
v 0.24999999999999978 0.0045499999999999985 -0.0019500000000002293
v 0.24999999999999978 0.0045499999999999985 0.011467521704814465
v 0.23677979479084432 0.0045499999999999985 0.011467521704814576
v 0.23677979479084432 0.0045499999999999985 -0.0019500000000001183
v -0.2367797947908447 0.0045499999999999985 0.011467521704814576
v -0.2367797947908447 0.0045499999999999985 -0.0019500000000001183
v -0.2500000000000002 0.0045499999999999985 0.011467521704814687
v -0.2500000000000002 0.0045499999999999985 -0.0019500000000000073
v 0.2499999999999999 0.0045499999999999985 0.23029151539068649
v 0.23677979479084443 0.0045499999999999985 0.2302915153906866
v -0.2367797947908447 0.0045499999999999985 0.2302915153906866
v -0.2500000000000001 0.0045499999999999985 0.2302915153906867
v 0.2499999999999999 0.0045499999999999985 0.48463247829518535
v 0.23677979479084443 0.0045499999999999985 0.48463247829518535
v -0.2367797947908446 0.0045499999999999985 0.48463247829518546
v -0.2500000000000001 0.0045499999999999985 0.48463247829518546
v 0.2499999999999999 0.0045499999999999985 0.4980499999999999
v 0.23677979479084443 0.0045499999999999985 0.4980499999999999
v -0.2367797947908446 0.0045499999999999985 0.49805
v -0.2500000000000001 0.0045499999999999985 0.49805
v 0.24999999999999978 0.06415707019328587 -0.0019500000000002293
v 0.23677979479084432 0.06415707019328587 -0.0019500000000001183
v 0.23677979479084432 0.06415707019328587 0.011467521704814576
v 0.24999999999999978 0.06415707019328587 0.011467521704814465
v -0.2367797947908447 0.06415707019328587 -0.0019500000000001183
v -0.2367797947908447 0.06415707019328587 0.011467521704814576
v -0.2500000000000002 0.06415707019328587 -0.0019500000000000073
v -0.2500000000000002 0.06415707019328587 0.011467521704814687
v 0.23677979479084443 0.11766037639877924 0.2302915153906866
v 0.2499999999999999 0.11766037639877924 0.23029151539068649
v 0.23677979479084432 0.023338148524923705 0.011467521704814576
v -0.2367797947908447 0.023338148524923705 0.011467521704814576
v -0.2367797947908447 0.07760442522889115 0.2302915153906866
v 0.23677979479084443 0.07760442522889115 0.2302915153906866
v -0.2500000000000001 0.11766037639877924 0.2302915153906867
v -0.2367797947908447 0.11766037639877924 0.2302915153906866
v 0.2499999999999999 0.18861663275686674 0.23029151539068649
v 0.13999605367008672 0.188712004069176 0.2302915153906866
v 0.13999605367008672 0.18909348931841302 0.41438780584056817
v 0.2499999999999999 0.19205 0.381830584056827
v 0.09707971586424624 0.15161256358087488 0.2302915153906866
v -0.09707971586424641 0.15161256358087488 0.2302915153906866
v -0.09707971586424635 0.13473184130213633 0.39021653512233617
v 0.09707971586424624 0.13473184130213633 0.39021653512233617
v -0.139996053670087 0.188712004069176 0.2302915153906866
v -0.2500000000000001 0.18861663275686674 0.2302915153906867
v -0.2500000000000001 0.19205 0.3818305840568271
v -0.13999605367008694 0.18909348931841302 0.4143878058405683
v 0.13999605367008672 0.1518033062054934 0.4980499999999999
v 0.2499999999999999 0.1518033062054934 0.4980499999999999
v -0.13999605367008688 0.1518033062054934 0.49805
v -0.2500000000000001 0.1518033062054934 0.49805
v 0.23677979479084432 0.023338148524923705 -0.0019500000000001183
v 0.24999999999999978 0.023338148524923705 -0.0019500000000002293
v -0.2367797947908447 0.023338148524923705 -0.0019500000000001183
v -0.2500000000000002 0.023338148524923705 -0.0019500000000000073
v -0.2500000000000002 0.023338148524923705 0.011467521704814687
v -0.2500000000000001 0.023338148524923705 0.2302915153906867
v -0.2500000000000001 0.023338148524923705 0.48463247829518546
v -0.2500000000000001 0.023338148524923705 0.49805
v -0.2367797947908446 0.023338148524923705 0.49805
v 0.23677979479084443 0.023338148524923705 0.4980499999999999
v 0.2499999999999999 0.023338148524923705 0.4980499999999999
v 0.2499999999999999 0.023338148524923705 0.48463247829518535
v 0.2499999999999999 0.023338148524923705 0.23029151539068649
v 0.24999999999999978 0.023338148524923705 0.011467521704814465
v -0.2500000000000001 0.11766037639877924 0.48463247829518546
v -0.2500000000000001 0.11766037639877924 0.49805
v -0.2367797947908446 0.11766037639877924 0.49805
v 0.23677979479084443 0.11766037639877924 0.4980499999999999
v 0.2499999999999999 0.11766037639877924 0.4980499999999999
v 0.2499999999999999 0.11766037639877924 0.48463247829518535
v 0.2499999999999999 0.1645830620549339 0.23029151539068649
v -0.2500000000000001 0.1645830620549339 0.2302915153906867
v -0.2500000000000001 0.14007263479145474 0.4193207182320442
v -0.2500000000000001 0.1456995422177009 0.49805
v -0.13900947119179174 0.1456995422177009 0.49805
v 0.13900947119179163 0.1456995422177009 0.4980499999999999
v 0.2499999999999999 0.1456995422177009 0.4980499999999999
v 0.2499999999999999 0.14007263479145474 0.4193207182320441
v -0.16061562746645636 0.020381637843336728 0.023207853196527184
v -0.17087608524072634 0.020381637843336728 0.023207853196527184
v -0.17087608524072634 0.06530152594099695 0.023207853196527184
v -0.16061562746645636 0.06530152594099695 0.023207853196527184
v -0.17087608524072634 0.020381637843336728 0.033468310970797166
v -0.17087608524072634 0.06530152594099695 0.033468310970797166
v -0.16061562746645636 0.020381637843336728 0.033468310970797166
v -0.16061562746645636 0.06530152594099695 0.033468310970797166
v 0.17097474348855546 0.020381637843336728 0.023207853196527184
v 0.1607142857142856 0.020381637843336728 0.023207853196527184
v 0.1607142857142856 0.06530152594099695 0.023207853196527184
v 0.17097474348855546 0.06530152594099695 0.023207853196527184
v 0.1607142857142856 0.020381637843336728 0.033468310970797166
v 0.1607142857142856 0.06530152594099695 0.033468310970797166
v 0.17097474348855546 0.020381637843336728 0.033468310970797166
v 0.17097474348855546 0.06530152594099695 0.033468310970797166
v 0.18054459352801877 0.07350345879959308 0.013638003157063872
v -0.18044593528018965 0.07350345879959308 0.013638003157063872
v -0.18044593528018965 0.07350345879959308 0.04303816101026048
v 0.18054459352801877 0.07350345879959308 0.04303816101026048
v 0.18054459352801877 0.06492004069175991 0.013638003157063872
v -0.18044593528018965 0.06492004069175991 0.013638003157063872
v -0.18044593528018965 0.06492004069175991 0.04303816101026048
v 0.18054459352801877 0.06492004069175991 0.04303816101026048
v 0.22099447513812132 0.021049237029501525 0.0664201657458563
v 0.21063535911602194 0.021049237029501525 0.0664201657458563
v 0.21063535911602194 0.07789053916581892 0.0664201657458563
v 0.22099447513812132 0.07789053916581892 0.0664201657458563
v 0.21063535911602194 0.021049237029501525 0.07668062352012617
v 0.21063535911602194 0.07789053916581892 0.07668062352012617
v 0.22099447513812132 0.021049237029501525 0.07668062352012617
v 0.22099447513812132 0.07789053916581892 0.07668062352012617
v 0.23470797158642442 0.08609247202441506 0.05270666929755319
v 0.19692186266771883 0.08609247202441506 0.05270666929755319
v 0.19692186266771883 0.08609247202441506 0.09039411996842928
v 0.23470797158642442 0.08609247202441506 0.09039411996842928
v 0.23470797158642442 0.07760442522889115 0.05270666929755319
v 0.19692186266771883 0.07760442522889115 0.05270666929755319
v 0.19692186266771883 0.07760442522889115 0.09039411996842928
v 0.23470797158642442 0.07760442522889115 0.09039411996842928
v 0.1502565114443567 0.021621464903357077 0.19053224151539072
v 0.13999605367008672 0.021621464903357077 0.19053224151539072
v 0.13999605367008672 0.10688341810783317 0.19053224151539072
v 0.1502565114443567 0.10688341810783317 0.19053224151539072
v 0.13999605367008672 0.021621464903357077 0.2007926992896606
v 0.13999605367008672 0.10688341810783317 0.2007926992896606
v 0.1502565114443567 0.021621464903357077 0.2007926992896606
v 0.1502565114443567 0.10688341810783317 0.2007926992896606
v 0.15982636148382 0.11498997965412004 0.1809623914759273
v 0.1304262036306234 0.11498997965412004 0.1809623914759273
v 0.1304262036306234 0.11498997965412004 0.2103625493291239
v 0.15982636148382 0.11498997965412004 0.2103625493291239
v 0.15982636148382 0.10650193285859613 0.1809623914759273
v 0.1304262036306234 0.10650193285859613 0.1809623914759273
v 0.1304262036306234 0.10650193285859613 0.2103625493291239
v 0.15982636148382 0.10650193285859613 0.2103625493291239
v 0.0027624309392263457 0.021526093591047818 0.10578480662983425
v -0.007596685082873089 0.021526093591047818 0.10578480662983425
v -0.007596685082873089 0.08685544252288911 0.10578480662983425
v 0.0027624309392263457 0.08685544252288911 0.10578480662983425
v -0.007596685082873089 0.021526093591047818 0.11604526440410412
v -0.007596685082873089 0.08685544252288911 0.11604526440410412
v 0.0027624309392264568 0.021526093591047818 0.11604526440410412
v 0.0027624309392264568 0.08685544252288911 0.11604526440410412
v 0.012332280978689547 0.09505737538148525 0.09621495659037094
v -0.0171665351223364 0.09505737538148525 0.09621495659037094
v -0.0171665351223364 0.09505737538148525 0.12561511444356754
v 0.012332280978689658 0.09505737538148525 0.12561511444356754
v 0.012332280978689547 0.08656932858596134 0.09621495659037094
v -0.0171665351223364 0.08656932858596134 0.09621495659037094
v -0.0171665351223364 0.08656932858596134 0.12561511444356754
v 0.012332280978689658 0.08656932858596134 0.12561511444356754
v 0.039660615627466256 0.021526093591047818 0.10578480662983425
v 0.029301499605366765 0.021526093591047818 0.10578480662983425
v 0.029301499605366765 0.08685544252288911 0.10578480662983425
v 0.039660615627466256 0.08685544252288911 0.10578480662983425
v 0.029301499605366876 0.021526093591047818 0.11604526440410412
v 0.029301499605366876 0.08685544252288911 0.11604526440410412
v 0.03966061562746637 0.021526093591047818 0.11604526440410412
v 0.03966061562746637 0.08685544252288911 0.11604526440410412
v 0.04913180741909995 0.09505737538148525 0.09621495659037094
v 0.019731649565903453 0.09505737538148525 0.09621495659037094
v 0.019731649565903564 0.09505737538148525 0.12561511444356754
v 0.04913180741910006 0.09505737538148525 0.12561511444356754
v 0.04913180741909995 0.08656932858596134 0.09621495659037094
v 0.019731649565903453 0.08656932858596134 0.09621495659037094
v 0.019731649565903564 0.08656932858596134 0.12561511444356754
v 0.04913180741910006 0.08656932858596134 0.12561511444356754
v 0.07655880031570617 0.021526093591047818 0.10578480662983425
v 0.06619968429360679 0.021526093591047818 0.10578480662983425
v 0.06619968429360679 0.08685544252288911 0.10578480662983425
v 0.07655880031570617 0.08685544252288911 0.10578480662983425
v 0.0661996842936069 0.021526093591047818 0.11604526440410412
v 0.0661996842936069 0.08685544252288911 0.11604526440410412
v 0.07655880031570628 0.021526093591047818 0.11604526440410412
v 0.07655880031570628 0.08685544252288911 0.11604526440410412
v 0.08602999210733997 0.09505737538148525 0.09621495659037094
v 0.056629834254143474 0.09505737538148525 0.09621495659037094
v 0.056629834254143585 0.09505737538148525 0.12561511444356754
v 0.08602999210734008 0.09505737538148525 0.12561511444356754
v 0.08602999210733997 0.08656932858596134 0.09621495659037094
v 0.056629834254143474 0.08656932858596134 0.09621495659037094
v 0.056629834254143585 0.08656932858596134 0.12561511444356754
v 0.08602999210734008 0.08656932858596134 0.12561511444356754
v 0.09717837411207564 0.021049237029501525 0.06346041831097082
v 0.08681925808997604 0.021049237029501525 0.06346041831097082
v 0.08681925808997604 0.07789053916581892 0.06346041831097082
v 0.09717837411207564 0.07789053916581892 0.06346041831097082
v 0.08681925808997604 0.021049237029501525 0.07372087608524058
v 0.08681925808997604 0.07789053916581892 0.07372087608524058
v 0.09717837411207564 0.021049237029501525 0.07372087608524058
v 0.09717837411207564 0.07789053916581892 0.07372087608524058
v 0.10674822415153884 0.08609247202441506 0.0538905682715074
v 0.07734806629834234 0.08609247202441506 0.0538905682715074
v 0.07734806629834234 0.08609247202441506 0.083290726124704
v 0.10674822415153884 0.08609247202441506 0.083290726124704
v 0.10674822415153884 0.07760442522889115 0.0538905682715074
v 0.07734806629834234 0.07760442522889115 0.0538905682715074
v 0.07734806629834234 0.07760442522889115 0.083290726124704
v 0.10674822415153884 0.07760442522889115 0.083290726124704
v 0.22425019731649554 0.021621464903357077 0.19053224151539072
v 0.21398973954222567 0.021621464903357077 0.19053224151539072
v 0.21398973954222567 0.11441775178026449 0.19053224151539072
v 0.22425019731649554 0.11441775178026449 0.19053224151539072
v 0.21398973954222567 0.021621464903357077 0.2007926992896606
v 0.21398973954222567 0.11441775178026449 0.2007926992896606
v 0.22425019731649554 0.021621464903357077 0.2007926992896606
v 0.22425019731649554 0.11441775178026449 0.2007926992896606
v 0.23382004735595885 0.12261968463886062 0.1809623914759273
v 0.20441988950276235 0.12261968463886062 0.1809623914759273
v 0.20441988950276235 0.12261968463886062 0.2103625493291239
v 0.23382004735595885 0.12261968463886062 0.2103625493291239
v 0.23382004735595885 0.11403626653102747 0.1809623914759273
v 0.20441988950276235 0.11403626653102747 0.1809623914759273
v 0.20441988950276235 0.11403626653102747 0.2103625493291239
v 0.23382004735595885 0.11403626653102747 0.2103625493291239
v 0.1871546961325966 0.021621464903357077 0.19053224151539072
v 0.17689423835832663 0.021621464903357077 0.19053224151539072
v 0.17689423835832663 0.10688341810783317 0.19053224151539072
v 0.1871546961325966 0.10688341810783317 0.19053224151539072
v 0.17689423835832663 0.021621464903357077 0.2007926992896606
v 0.17689423835832663 0.10688341810783317 0.2007926992896606
v 0.1871546961325966 0.021621464903357077 0.2007926992896606
v 0.1871546961325966 0.10688341810783317 0.2007926992896606
v 0.19672454617205992 0.11498997965412004 0.1809623914759273
v 0.16732438831886332 0.11498997965412004 0.1809623914759273
v 0.16732438831886332 0.11498997965412004 0.2103625493291239
v 0.19672454617205992 0.11498997965412004 0.2103625493291239
v 0.19672454617205992 0.10650193285859613 0.1809623914759273
v 0.16732438831886332 0.10650193285859613 0.1809623914759273
v 0.16732438831886332 0.10650193285859613 0.2103625493291239
v 0.19672454617205992 0.10650193285859613 0.2103625493291239
v 0.1996842936069455 0.022002950152594097 0.14860248618784533
v 0.18932517758484602 0.022002950152594097 0.14860248618784533
v 0.18932517758484602 0.09639257375381485 0.14860248618784533
v 0.1996842936069455 0.09639257375381485 0.14860248618784533
v 0.18932517758484602 0.022002950152594097 0.1588629439621152
v 0.18932517758484602 0.09639257375381485 0.1588629439621152
v 0.1996842936069455 0.022002950152594097 0.1588629439621152
v 0.1996842936069455 0.09639257375381485 0.1588629439621152
v 0.2091554853985792 0.10459450661241099 0.13903263614838202
v 0.1797553275453827 0.10459450661241099 0.13903263614838202
v 0.1797553275453827 0.10459450661241099 0.1684327940015785
v 0.2091554853985792 0.10459450661241099 0.1684327940015785
v 0.2091554853985792 0.09610645981688708 0.13903263614838202
v 0.1797553275453827 0.09610645981688708 0.13903263614838202
v 0.1797553275453827 0.09610645981688708 0.1684327940015785
v 0.2091554853985792 0.09610645981688708 0.1684327940015785
v 0.1627861089187056 0.022002950152594097 0.14860248618784533
v 0.1524269928966061 0.022002950152594097 0.14860248618784533
v 0.1524269928966061 0.09639257375381485 0.14860248618784533
v 0.1627861089187056 0.09639257375381485 0.14860248618784533
v 0.1524269928966061 0.022002950152594097 0.1588629439621152
v 0.1524269928966061 0.09639257375381485 0.1588629439621152
v 0.1627861089187056 0.022002950152594097 0.1588629439621152
v 0.1627861089187056 0.09639257375381485 0.1588629439621152
v 0.1723559589581688 0.10459450661241099 0.13903263614838202
v 0.1428571428571428 0.10459450661241099 0.13903263614838202
v 0.1428571428571428 0.10459450661241099 0.1684327940015785
v 0.1723559589581688 0.10459450661241099 0.1684327940015785
v 0.1723559589581688 0.09610645981688708 0.13903263614838202
v 0.1428571428571428 0.09610645981688708 0.13903263614838202
v 0.1428571428571428 0.09610645981688708 0.1684327940015785
v 0.1723559589581688 0.09610645981688708 0.1684327940015785
v 0.11335832675611668 0.021621464903357077 0.19053224151539072
v 0.10309786898184681 0.021621464903357077 0.19053224151539072
v 0.10309786898184681 0.10688341810783317 0.19053224151539072
v 0.11335832675611668 0.10688341810783317 0.19053224151539072
v 0.10309786898184681 0.021621464903357077 0.2007926992896606
v 0.10309786898184681 0.10688341810783317 0.2007926992896606
v 0.11335832675611668 0.021621464903357077 0.2007926992896606
v 0.11335832675611668 0.10688341810783317 0.2007926992896606
v 0.1229281767955801 0.11498997965412004 0.1809623914759273
v 0.0935280189423835 0.11498997965412004 0.1809623914759273
v 0.0935280189423835 0.11498997965412004 0.2103625493291239
v 0.1229281767955801 0.11498997965412004 0.2103625493291239
v 0.1229281767955801 0.10650193285859613 0.1809623914759273
v 0.0935280189423835 0.10650193285859613 0.1809623914759273
v 0.0935280189423835 0.10650193285859613 0.2103625493291239
v 0.1229281767955801 0.10650193285859613 0.2103625493291239
v 0.07655880031570628 0.021621464903357077 0.19053224151539072
v 0.0661996842936069 0.021621464903357077 0.19053224151539072
v 0.0661996842936069 0.10688341810783317 0.19053224151539072
v 0.07655880031570628 0.10688341810783317 0.19053224151539072
v 0.0661996842936069 0.021621464903357077 0.2007926992896606
v 0.0661996842936069 0.10688341810783317 0.2007926992896606
v 0.07655880031570628 0.021621464903357077 0.2007926992896606
v 0.07655880031570628 0.10688341810783317 0.2007926992896606
v 0.08602999210734008 0.11498997965412004 0.1809623914759273
v 0.056629834254143585 0.11498997965412004 0.1809623914759273
v 0.056629834254143585 0.11498997965412004 0.2103625493291239
v 0.08602999210734008 0.11498997965412004 0.2103625493291239
v 0.08602999210734008 0.10650193285859613 0.1809623914759273
v 0.056629834254143585 0.10650193285859613 0.1809623914759273
v 0.056629834254143585 0.10650193285859613 0.2103625493291239
v 0.08602999210734008 0.10650193285859613 0.2103625493291239
v 0.03966061562746637 0.021621464903357077 0.19053224151539072
v 0.029301499605366876 0.021621464903357077 0.19053224151539072
v 0.029301499605366876 0.10688341810783317 0.19053224151539072
v 0.03966061562746637 0.10688341810783317 0.19053224151539072
v 0.029301499605366876 0.021621464903357077 0.2007926992896606
v 0.029301499605366876 0.10688341810783317 0.2007926992896606
v 0.03966061562746637 0.021621464903357077 0.2007926992896606
v 0.03966061562746637 0.10688341810783317 0.2007926992896606
v 0.04913180741910006 0.11498997965412004 0.1809623914759273
v 0.019731649565903564 0.11498997965412004 0.1809623914759273
v 0.019731649565903564 0.11498997965412004 0.2103625493291239
v 0.04913180741910006 0.11498997965412004 0.2103625493291239
v 0.04913180741910006 0.10650193285859613 0.1809623914759273
v 0.019731649565903564 0.10650193285859613 0.1809623914759273
v 0.019731649565903564 0.10650193285859613 0.2103625493291239
v 0.04913180741910006 0.10650193285859613 0.2103625493291239
v 0.0027624309392264568 0.021621464903357077 0.19053224151539072
v -0.007596685082873089 0.021621464903357077 0.19053224151539072
v -0.007596685082873089 0.10688341810783317 0.19053224151539072
v 0.0027624309392264568 0.10688341810783317 0.19053224151539072
v -0.007596685082873089 0.021621464903357077 0.2007926992896606
v -0.007596685082873089 0.10688341810783317 0.2007926992896606
v 0.0027624309392264568 0.021621464903357077 0.2007926992896606
v 0.0027624309392264568 0.10688341810783317 0.2007926992896606
v 0.012332280978689658 0.11498997965412004 0.1809623914759273
v -0.0171665351223364 0.11498997965412004 0.1809623914759273
v -0.0171665351223364 0.11498997965412004 0.2103625493291239
v 0.012332280978689658 0.11498997965412004 0.2103625493291239
v 0.012332280978689658 0.10650193285859613 0.1809623914759273
v -0.0171665351223364 0.10650193285859613 0.1809623914759273
v -0.0171665351223364 0.10650193285859613 0.2103625493291239
v 0.012332280978689658 0.10650193285859613 0.2103625493291239
v -0.07103393843725353 0.021621464903357077 0.19053224151539072
v -0.08139305445935302 0.021621464903357077 0.19053224151539072
v -0.08139305445935302 0.10688341810783317 0.19053224151539072
v -0.07103393843725353 0.10688341810783317 0.19053224151539072
v -0.08139305445935302 0.021621464903357077 0.2007926992896606
v -0.08139305445935302 0.10688341810783317 0.2007926992896606
v -0.07103393843725353 0.021621464903357077 0.2007926992896606
v -0.07103393843725353 0.10688341810783317 0.2007926992896606
v -0.06146408839779027 0.11498997965412004 0.1809623914759273
v -0.09086424625098677 0.11498997965412004 0.1809623914759273
v -0.09086424625098677 0.11498997965412004 0.2103625493291239
v -0.06146408839779027 0.11498997965412004 0.2103625493291239
v -0.06146408839779027 0.10650193285859613 0.1809623914759273
v -0.09086424625098677 0.10650193285859613 0.1809623914759273
v -0.09086424625098677 0.10650193285859613 0.2103625493291239
v -0.06146408839779027 0.10650193285859613 0.2103625493291239
v -0.10793212312549344 0.021621464903357077 0.19053224151539072
v -0.11819258089976342 0.021621464903357077 0.19053224151539072
v -0.11819258089976342 0.10688341810783317 0.19053224151539072
v -0.10793212312549344 0.10688341810783317 0.19053224151539072
v -0.11819258089976342 0.021621464903357077 0.2007926992896606
v -0.11819258089976342 0.10688341810783317 0.2007926992896606
v -0.10793212312549344 0.021621464903357077 0.2007926992896606
v -0.10793212312549344 0.10688341810783317 0.2007926992896606
v -0.09836227308603018 0.11498997965412004 0.1809623914759273
v -0.12776243093922673 0.11498997965412004 0.1809623914759273
v -0.12776243093922673 0.11498997965412004 0.2103625493291239
v -0.09836227308603018 0.11498997965412004 0.2103625493291239
v -0.09836227308603018 0.10650193285859613 0.1809623914759273
v -0.12776243093922673 0.10650193285859613 0.1809623914759273
v -0.12776243093922673 0.10650193285859613 0.2103625493291239
v -0.09836227308603018 0.10650193285859613 0.2103625493291239
v -0.1448303078137334 0.021621464903357077 0.19053224151539072
v -0.15509076558800333 0.021621464903357077 0.19053224151539072
v -0.15509076558800333 0.10688341810783317 0.19053224151539072
v -0.1448303078137334 0.10688341810783317 0.19053224151539072
v -0.15509076558800333 0.021621464903357077 0.2007926992896606
v -0.15509076558800333 0.10688341810783317 0.2007926992896606
v -0.1448303078137334 0.021621464903357077 0.2007926992896606
v -0.1448303078137334 0.10688341810783317 0.2007926992896606
v -0.13526045777427015 0.11498997965412004 0.1809623914759273
v -0.16466061562746664 0.11498997965412004 0.1809623914759273
v -0.16466061562746664 0.11498997965412004 0.2103625493291239
v -0.13526045777427015 0.11498997965412004 0.2103625493291239
v -0.13526045777427015 0.10650193285859613 0.1809623914759273
v -0.16466061562746664 0.10650193285859613 0.1809623914759273
v -0.16466061562746664 0.10650193285859613 0.2103625493291239
v -0.13526045777427015 0.10650193285859613 0.2103625493291239
v -0.18172849250197337 0.021621464903357077 0.19053224151539072
v -0.1919889502762433 0.021621464903357077 0.19053224151539072
v -0.1919889502762433 0.11441775178026449 0.19053224151539072
v -0.18172849250197337 0.11441775178026449 0.19053224151539072
v -0.1919889502762433 0.021621464903357077 0.2007926992896606
v -0.1919889502762433 0.11441775178026449 0.2007926992896606
v -0.18172849250197337 0.021621464903357077 0.2007926992896606
v -0.18172849250197337 0.11441775178026449 0.2007926992896606
v -0.17215864246251006 0.12261968463886062 0.1809623914759273
v -0.20155880031570655 0.12261968463886062 0.1809623914759273
v -0.20155880031570655 0.12261968463886062 0.2103625493291239
v -0.17215864246251006 0.12261968463886062 0.2103625493291239
v -0.17215864246251006 0.11403626653102747 0.1809623914759273
v -0.20155880031570655 0.11403626653102747 0.1809623914759273
v -0.20155880031570655 0.11403626653102747 0.2103625493291239
v -0.17215864246251006 0.11403626653102747 0.2103625493291239
v -0.16929755327545398 0.022002950152594097 0.14860248618784533
v -0.17955801104972396 0.022002950152594097 0.14860248618784533
v -0.17955801104972396 0.09639257375381485 0.14860248618784533
v -0.16929755327545398 0.09639257375381485 0.14860248618784533
v -0.17955801104972396 0.022002950152594097 0.1588629439621152
v -0.17955801104972396 0.09639257375381485 0.1588629439621152
v -0.16929755327545398 0.022002950152594097 0.1588629439621152
v -0.16929755327545398 0.09639257375381485 0.1588629439621152
v -0.15972770323599067 0.10459450661241099 0.13903263614838202
v -0.18912786108918722 0.10459450661241099 0.13903263614838202
v -0.18912786108918722 0.10459450661241099 0.1684327940015785
v -0.15972770323599067 0.10459450661241099 0.1684327940015785
v -0.15972770323599067 0.09610645981688708 0.13903263614838202
v -0.18912786108918722 0.09610645981688708 0.13903263614838202
v -0.18912786108918722 0.09610645981688708 0.1684327940015785
v -0.15972770323599067 0.09610645981688708 0.1684327940015785
v -0.09550118389897416 0.022002950152594097 0.14860248618784533
v -0.10576164167324409 0.022002950152594097 0.14860248618784533
v -0.10576164167324409 0.09639257375381485 0.14860248618784533
v -0.09550118389897416 0.09639257375381485 0.14860248618784533
v -0.10576164167324409 0.022002950152594097 0.1588629439621152
v -0.10576164167324409 0.09639257375381485 0.1588629439621152
v -0.09550118389897416 0.022002950152594097 0.1588629439621152
v -0.09550118389897416 0.09639257375381485 0.1588629439621152
v -0.08593133385951085 0.10459450661241099 0.13903263614838202
v -0.11533149171270735 0.10459450661241099 0.13903263614838202
v -0.11533149171270735 0.10459450661241099 0.1684327940015785
v -0.08593133385951085 0.10459450661241099 0.1684327940015785
v -0.08593133385951085 0.09610645981688708 0.13903263614838202
v -0.11533149171270735 0.09610645981688708 0.13903263614838202
v -0.11533149171270735 0.09610645981688708 0.1684327940015785
v -0.08593133385951085 0.09610645981688708 0.1684327940015785
v -0.0586029992107342 0.022002950152594097 0.14860248618784533
v -0.06886345698500412 0.022002950152594097 0.14860248618784533
v -0.06886345698500412 0.09639257375381485 0.14860248618784533
v -0.0586029992107342 0.09639257375381485 0.14860248618784533
v -0.06886345698500412 0.022002950152594097 0.1588629439621152
v -0.06886345698500412 0.09639257375381485 0.1588629439621152
v -0.0586029992107342 0.022002950152594097 0.1588629439621152
v -0.0586029992107342 0.09639257375381485 0.1588629439621152
v -0.04903314917127094 0.10459450661241099 0.13903263614838202
v -0.07843330702446744 0.10459450661241099 0.13903263614838202
v -0.07843330702446744 0.10459450661241099 0.1684327940015785
v -0.04903314917127094 0.10459450661241099 0.1684327940015785
v -0.04903314917127094 0.09610645981688708 0.13903263614838202
v -0.07843330702446744 0.09610645981688708 0.13903263614838202
v -0.07843330702446744 0.09610645981688708 0.1684327940015785
v -0.04903314917127094 0.09610645981688708 0.1684327940015785
v -0.13239936858721407 0.022002950152594097 0.14860248618784533
v -0.14265982636148405 0.022002950152594097 0.14860248618784533
v -0.14265982636148405 0.09639257375381485 0.14860248618784533
v -0.13239936858721407 0.09639257375381485 0.14860248618784533
v -0.14265982636148405 0.022002950152594097 0.1588629439621152
v -0.14265982636148405 0.09639257375381485 0.1588629439621152
v -0.13239936858721407 0.022002950152594097 0.1588629439621152
v -0.13239936858721407 0.09639257375381485 0.1588629439621152
v -0.12282951854775076 0.10459450661241099 0.13903263614838202
v -0.1522296764009473 0.10459450661241099 0.13903263614838202
v -0.1522296764009473 0.10459450661241099 0.1684327940015785
v -0.12282951854775076 0.10459450661241099 0.1684327940015785
v -0.12282951854775076 0.09610645981688708 0.13903263614838202
v -0.1522296764009473 0.09610645981688708 0.13903263614838202
v -0.1522296764009473 0.09610645981688708 0.1684327940015785
v -0.12282951854775076 0.09610645981688708 0.1684327940015785
v -0.021704814522494287 0.022002950152594097 0.14860248618784533
v -0.03196527229676416 0.022002950152594097 0.14860248618784533
v -0.03196527229676416 0.09639257375381485 0.14860248618784533
v -0.021704814522494287 0.09639257375381485 0.14860248618784533
v -0.03196527229676416 0.022002950152594097 0.1588629439621152
v -0.03196527229676416 0.09639257375381485 0.1588629439621152
v -0.021704814522494287 0.022002950152594097 0.1588629439621152
v -0.021704814522494287 0.09639257375381485 0.1588629439621152
v -0.012134964483030919 0.10459450661241099 0.13903263614838202
v -0.041535122336227526 0.10459450661241099 0.13903263614838202
v -0.041535122336227526 0.10459450661241099 0.1684327940015785
v -0.012134964483030919 0.10459450661241099 0.1684327940015785
v -0.012134964483030919 0.09610645981688708 0.13903263614838202
v -0.041535122336227526 0.09610645981688708 0.13903263614838202
v -0.041535122336227526 0.09610645981688708 0.1684327940015785
v -0.012134964483030919 0.09610645981688708 0.1684327940015785
v -0.03413575374901362 0.021621464903357077 0.19053224151539072
v -0.044494869771113 0.021621464903357077 0.19053224151539072
v -0.044494869771113 0.10688341810783317 0.19053224151539072
v -0.03413575374901362 0.10688341810783317 0.19053224151539072
v -0.044494869771113 0.021621464903357077 0.2007926992896606
v -0.044494869771113 0.10688341810783317 0.2007926992896606
v -0.03413575374901362 0.021621464903357077 0.2007926992896606
v -0.03413575374901362 0.10688341810783317 0.2007926992896606
v -0.024565903709550252 0.11498997965412004 0.1809623914759273
v -0.05396606156274686 0.11498997965412004 0.1809623914759273
v -0.05396606156274686 0.11498997965412004 0.2103625493291239
v -0.024565903709550252 0.11498997965412004 0.2103625493291239
v -0.024565903709550252 0.10650193285859613 0.1809623914759273
v -0.05396606156274686 0.10650193285859613 0.1809623914759273
v -0.05396606156274686 0.10650193285859613 0.2103625493291239
v -0.024565903709550252 0.10650193285859613 0.2103625493291239
v 0.052091554853985644 0.022002950152594097 0.14860248618784533
v 0.04183109707971577 0.022002950152594097 0.14860248618784533
v 0.04183109707971577 0.09639257375381485 0.14860248618784533
v 0.052091554853985644 0.09639257375381485 0.14860248618784533
v 0.04183109707971577 0.022002950152594097 0.1588629439621152
v 0.04183109707971577 0.09639257375381485 0.1588629439621152
v 0.052091554853985644 0.022002950152594097 0.1588629439621152
v 0.052091554853985644 0.09639257375381485 0.1588629439621152
v 0.06166140489344896 0.10459450661241099 0.13903263614838202
v 0.03226124704025246 0.10459450661241099 0.13903263614838202
v 0.03226124704025246 0.10459450661241099 0.1684327940015785
v 0.06166140489344896 0.10459450661241099 0.1684327940015785
v 0.06166140489344896 0.09610645981688708 0.13903263614838202
v 0.03226124704025246 0.09610645981688708 0.13903263614838202
v 0.03226124704025246 0.09610645981688708 0.1684327940015785
v 0.06166140489344896 0.09610645981688708 0.1684327940015785
v 0.08898973954222555 0.022002950152594097 0.14860248618784533
v 0.07863062352012617 0.022002950152594097 0.14860248618784533
v 0.07863062352012617 0.09639257375381485 0.14860248618784533
v 0.08898973954222555 0.09639257375381485 0.14860248618784533
v 0.07863062352012617 0.022002950152594097 0.1588629439621152
v 0.07863062352012617 0.09639257375381485 0.1588629439621152
v 0.08898973954222555 0.022002950152594097 0.1588629439621152
v 0.08898973954222555 0.09639257375381485 0.1588629439621152
v 0.09855958958168898 0.10459450661241099 0.13903263614838202
v 0.06915943172849248 0.10459450661241099 0.13903263614838202
v 0.06915943172849248 0.10459450661241099 0.1684327940015785
v 0.09855958958168898 0.10459450661241099 0.1684327940015785
v 0.09855958958168898 0.09610645981688708 0.13903263614838202
v 0.06915943172849248 0.09610645981688708 0.13903263614838202
v 0.06915943172849248 0.09610645981688708 0.1684327940015785
v 0.09855958958168898 0.09610645981688708 0.1684327940015785
v 0.1258879242304657 0.022002950152594097 0.14860248618784533
v 0.11552880820836608 0.022002950152594097 0.14860248618784533
v 0.11552880820836608 0.09639257375381485 0.14860248618784533
v 0.1258879242304657 0.09639257375381485 0.14860248618784533
v 0.11552880820836608 0.022002950152594097 0.1588629439621152
v 0.11552880820836608 0.09639257375381485 0.1588629439621152
v 0.1258879242304657 0.022002950152594097 0.1588629439621152
v 0.1258879242304657 0.09639257375381485 0.1588629439621152
v 0.1354577742699289 0.10459450661241099 0.13903263614838202
v 0.10605761641673239 0.10459450661241099 0.13903263614838202
v 0.10605761641673239 0.10459450661241099 0.1684327940015785
v 0.1354577742699289 0.10459450661241099 0.1684327940015785
v 0.1354577742699289 0.09610645981688708 0.13903263614838202
v 0.10605761641673239 0.09610645981688708 0.13903263614838202
v 0.10605761641673239 0.09610645981688708 0.1684327940015785
v 0.1354577742699289 0.09610645981688708 0.1684327940015785
v 0.11335832675611657 0.021526093591047818 0.10578480662983425
v 0.1030978689818467 0.021526093591047818 0.10578480662983425
v 0.1030978689818467 0.08685544252288911 0.10578480662983425
v 0.11335832675611657 0.08685544252288911 0.10578480662983425
v 0.10309786898184681 0.021526093591047818 0.11604526440410412
v 0.10309786898184681 0.08685544252288911 0.11604526440410412
v 0.11335832675611668 0.021526093591047818 0.11604526440410412
v 0.11335832675611668 0.08685544252288911 0.11604526440410412
v 0.12292817679557999 0.09505737538148525 0.09621495659037094
v 0.09352801894238338 0.09505737538148525 0.09621495659037094
v 0.0935280189423835 0.09505737538148525 0.12561511444356754
v 0.1229281767955801 0.09505737538148525 0.12561511444356754
v 0.12292817679557999 0.08656932858596134 0.09621495659037094
v 0.09352801894238338 0.08656932858596134 0.09621495659037094
v 0.0935280189423835 0.08656932858596134 0.12561511444356754
v 0.1229281767955801 0.08656932858596134 0.12561511444356754
v 0.1502565114443566 0.021526093591047818 0.10578480662983425
v 0.1399960536700866 0.021526093591047818 0.10578480662983425
v 0.1399960536700866 0.08685544252288911 0.10578480662983425
v 0.1502565114443566 0.08685544252288911 0.10578480662983425
v 0.13999605367008672 0.021526093591047818 0.11604526440410412
v 0.13999605367008672 0.08685544252288911 0.11604526440410412
v 0.1502565114443567 0.021526093591047818 0.11604526440410412
v 0.1502565114443567 0.08685544252288911 0.11604526440410412
v 0.1598263614838199 0.09505737538148525 0.09621495659037094
v 0.1304262036306233 0.09505737538148525 0.09621495659037094
v 0.1304262036306234 0.09505737538148525 0.12561511444356754
v 0.15982636148382 0.09505737538148525 0.12561511444356754
v 0.1598263614838199 0.08656932858596134 0.09621495659037094
v 0.1304262036306233 0.08656932858596134 0.09621495659037094
v 0.1304262036306234 0.08656932858596134 0.12561511444356754
v 0.15982636148382 0.08656932858596134 0.12561511444356754
v 0.1871546961325965 0.021526093591047818 0.10578480662983425
v 0.17689423835832652 0.021526093591047818 0.10578480662983425
v 0.17689423835832652 0.08685544252288911 0.10578480662983425
v 0.1871546961325965 0.08685544252288911 0.10578480662983425
v 0.17689423835832663 0.021526093591047818 0.11604526440410412
v 0.17689423835832663 0.08685544252288911 0.11604526440410412
v 0.1871546961325966 0.021526093591047818 0.11604526440410412
v 0.1871546961325966 0.08685544252288911 0.11604526440410412
v 0.1967245461720598 0.09505737538148525 0.09621495659037094
v 0.1673243883188632 0.09505737538148525 0.09621495659037094
v 0.16732438831886332 0.09505737538148525 0.12561511444356754
v 0.19672454617205992 0.09505737538148525 0.12561511444356754
v 0.1967245461720598 0.08656932858596134 0.09621495659037094
v 0.1673243883188632 0.08656932858596134 0.09621495659037094
v 0.16732438831886332 0.08656932858596134 0.12561511444356754
v 0.19672454617205992 0.08656932858596134 0.12561511444356754
v 0.22405288082083652 0.021526093591047818 0.11486136543015002
v 0.21379242304656665 0.021526093591047818 0.11486136543015002
v 0.21379242304656665 0.08685544252288911 0.11486136543015002
v 0.22405288082083652 0.08685544252288911 0.11486136543015002
v 0.21379242304656665 0.021526093591047818 0.1251218232044199
v 0.21379242304656665 0.08685544252288911 0.1251218232044199
v 0.22405288082083652 0.021526093591047818 0.1251218232044199
v 0.22405288082083652 0.08685544252288911 0.1251218232044199
v 0.23628650355169678 0.09505737538148525 0.10262774269928954
v 0.20155880031570628 0.09505737538148525 0.10262774269928954
v 0.2015588003157064 0.09505737538148525 0.13735544593528015
v 0.2362865035516969 0.09505737538148525 0.13735544593528015
v 0.23628650355169678 0.08656932858596134 0.10262774269928954
v 0.20155880031570628 0.08656932858596134 0.10262774269928954
v 0.2015588003157064 0.08656932858596134 0.13735544593528015
v 0.2362865035516969 0.08656932858596134 0.13735544593528015
v 0.17097474348855546 0.021049237029501525 0.06346041831097082
v 0.16061562746645597 0.021049237029501525 0.06346041831097082
v 0.16061562746645597 0.07789053916581892 0.06346041831097082
v 0.17097474348855546 0.07789053916581892 0.06346041831097082
v 0.16061562746645597 0.021049237029501525 0.07372087608524058
v 0.16061562746645597 0.07789053916581892 0.07372087608524058
v 0.17097474348855546 0.021049237029501525 0.07372087608524058
v 0.17097474348855546 0.07789053916581892 0.07372087608524058
v 0.18054459352801877 0.08609247202441506 0.0538905682715074
v 0.15104577742699266 0.08609247202441506 0.0538905682715074
v 0.15104577742699266 0.08609247202441506 0.083290726124704
v 0.18054459352801877 0.08609247202441506 0.083290726124704
v 0.18054459352801877 0.07760442522889115 0.0538905682715074
v 0.15104577742699266 0.07760442522889115 0.0538905682715074
v 0.15104577742699266 0.07760442522889115 0.083290726124704
v 0.18054459352801877 0.07760442522889115 0.083290726124704
v 0.13407655880031555 0.021049237029501525 0.06346041831097082
v 0.12371744277821606 0.021049237029501525 0.06346041831097082
v 0.12371744277821606 0.07789053916581892 0.06346041831097082
v 0.13407655880031555 0.07789053916581892 0.06346041831097082
v 0.12371744277821606 0.021049237029501525 0.07372087608524058
v 0.12371744277821606 0.07789053916581892 0.07372087608524058
v 0.13407655880031555 0.021049237029501525 0.07372087608524058
v 0.13407655880031555 0.07789053916581892 0.07372087608524058
v 0.14364640883977875 0.08609247202441506 0.0538905682715074
v 0.11424625098658225 0.08609247202441506 0.0538905682715074
v 0.11424625098658225 0.08609247202441506 0.083290726124704
v 0.14364640883977875 0.08609247202441506 0.083290726124704
v 0.14364640883977875 0.07760442522889115 0.0538905682715074
v 0.11424625098658225 0.07760442522889115 0.0538905682715074
v 0.11424625098658225 0.07760442522889115 0.083290726124704
v 0.14364640883977875 0.07760442522889115 0.083290726124704
v 0.06028018942383562 0.021049237029501525 0.06346041831097082
v 0.050019731649565635 0.021049237029501525 0.06346041831097082
v 0.050019731649565635 0.07789053916581892 0.06346041831097082
v 0.06028018942383562 0.07789053916581892 0.06346041831097082
v 0.050019731649565635 0.021049237029501525 0.07372087608524058
v 0.050019731649565635 0.07789053916581892 0.07372087608524058
v 0.06028018942383562 0.021049237029501525 0.07372087608524058
v 0.06028018942383562 0.07789053916581892 0.07372087608524058
v 0.06985003946329893 0.08609247202441506 0.0538905682715074
v 0.040449881610102434 0.08609247202441506 0.0538905682715074
v 0.040449881610102434 0.08609247202441506 0.083290726124704
v 0.06985003946329893 0.08609247202441506 0.083290726124704
v 0.06985003946329893 0.07760442522889115 0.0538905682715074
v 0.040449881610102434 0.07760442522889115 0.0538905682715074
v 0.040449881610102434 0.07760442522889115 0.083290726124704
v 0.06985003946329893 0.07760442522889115 0.083290726124704
v 0.015193370165745734 0.022002950152594097 0.14860248618784533
v 0.004932912391475863 0.022002950152594097 0.14860248618784533
v 0.004932912391475863 0.09639257375381485 0.14860248618784533
v 0.015193370165745734 0.09639257375381485 0.14860248618784533
v 0.004932912391475863 0.022002950152594097 0.1588629439621152
v 0.004932912391475863 0.09639257375381485 0.1588629439621152
v 0.015193370165745734 0.022002950152594097 0.1588629439621152
v 0.015193370165745734 0.09639257375381485 0.1588629439621152
v 0.024763220205209047 0.10459450661241099 0.13903263614838202
v -0.004636937647987505 0.10459450661241099 0.13903263614838202
v -0.004636937647987505 0.10459450661241099 0.1684327940015785
v 0.024763220205209047 0.10459450661241099 0.1684327940015785
v 0.024763220205209047 0.09610645981688708 0.13903263614838202
v -0.004636937647987505 0.09610645981688708 0.13903263614838202
v -0.004636937647987505 0.09610645981688708 0.1684327940015785
v 0.024763220205209047 0.09610645981688708 0.1684327940015785
v -0.03413575374901362 0.021526093591047818 0.10578480662983425
v -0.044494869771113 0.021526093591047818 0.10578480662983425
v -0.044494869771113 0.08685544252288911 0.10578480662983425
v -0.03413575374901362 0.08685544252288911 0.10578480662983425
v -0.044494869771113 0.021526093591047818 0.11604526440410412
v -0.044494869771113 0.08685544252288911 0.11604526440410412
v -0.03413575374901362 0.021526093591047818 0.11604526440410412
v -0.03413575374901362 0.08685544252288911 0.11604526440410412
v -0.024565903709550252 0.09505737538148525 0.09621495659037094
v -0.05396606156274686 0.09505737538148525 0.09621495659037094
v -0.05396606156274686 0.09505737538148525 0.12561511444356754
v -0.024565903709550252 0.09505737538148525 0.12561511444356754
v -0.024565903709550252 0.08656932858596134 0.09621495659037094
v -0.05396606156274686 0.08656932858596134 0.09621495659037094
v -0.05396606156274686 0.08656932858596134 0.12561511444356754
v -0.024565903709550252 0.08656932858596134 0.12561511444356754
v -0.07103393843725353 0.021526093591047818 0.10578480662983425
v -0.08139305445935302 0.021526093591047818 0.10578480662983425
v -0.08139305445935302 0.08685544252288911 0.10578480662983425
v -0.07103393843725353 0.08685544252288911 0.10578480662983425
v -0.08139305445935302 0.021526093591047818 0.11604526440410412
v -0.08139305445935302 0.08685544252288911 0.11604526440410412
v -0.07103393843725353 0.021526093591047818 0.11604526440410412
v -0.07103393843725353 0.08685544252288911 0.11604526440410412
v -0.06146408839779027 0.09505737538148525 0.09621495659037094
v -0.09086424625098677 0.09505737538148525 0.09621495659037094
v -0.09086424625098677 0.09505737538148525 0.12561511444356754
v -0.06146408839779027 0.09505737538148525 0.12561511444356754
v -0.06146408839779027 0.08656932858596134 0.09621495659037094
v -0.09086424625098677 0.08656932858596134 0.09621495659037094
v -0.09086424625098677 0.08656932858596134 0.12561511444356754
v -0.06146408839779027 0.08656932858596134 0.12561511444356754
v -0.10793212312549344 0.021526093591047818 0.10578480662983425
v -0.11819258089976342 0.021526093591047818 0.10578480662983425
v -0.11819258089976342 0.08685544252288911 0.10578480662983425
v -0.10793212312549344 0.08685544252288911 0.10578480662983425
v -0.11819258089976342 0.021526093591047818 0.11604526440410412
v -0.11819258089976342 0.08685544252288911 0.11604526440410412
v -0.10793212312549344 0.021526093591047818 0.11604526440410412
v -0.10793212312549344 0.08685544252288911 0.11604526440410412
v -0.09836227308603018 0.09505737538148525 0.09621495659037094
v -0.12776243093922673 0.09505737538148525 0.09621495659037094
v -0.12776243093922673 0.09505737538148525 0.12561511444356754
v -0.09836227308603018 0.09505737538148525 0.12561511444356754
v -0.09836227308603018 0.08656932858596134 0.09621495659037094
v -0.12776243093922673 0.08656932858596134 0.09621495659037094
v -0.12776243093922673 0.08656932858596134 0.12561511444356754
v -0.09836227308603018 0.08656932858596134 0.12561511444356754
v -0.1448303078137334 0.021526093591047818 0.10578480662983425
v -0.15509076558800333 0.021526093591047818 0.10578480662983425
v -0.15509076558800333 0.08685544252288911 0.10578480662983425
v -0.1448303078137334 0.08685544252288911 0.10578480662983425
v -0.15509076558800333 0.021526093591047818 0.11604526440410412
v -0.15509076558800333 0.08685544252288911 0.11604526440410412
v -0.1448303078137334 0.021526093591047818 0.11604526440410412
v -0.1448303078137334 0.08685544252288911 0.11604526440410412
v -0.13526045777427015 0.09505737538148525 0.09621495659037094
v -0.16466061562746664 0.09505737538148525 0.09621495659037094
v -0.16466061562746664 0.09505737538148525 0.12561511444356754
v -0.13526045777427015 0.09505737538148525 0.12561511444356754
v -0.13526045777427015 0.08656932858596134 0.09621495659037094
v -0.16466061562746664 0.08656932858596134 0.09621495659037094
v -0.16466061562746664 0.08656932858596134 0.12561511444356754
v -0.13526045777427015 0.08656932858596134 0.12561511444356754
v -0.18172849250197337 0.021526093591047818 0.10578480662983425
v -0.1919889502762433 0.021526093591047818 0.10578480662983425
v -0.1919889502762433 0.08685544252288911 0.10578480662983425
v -0.18172849250197337 0.08685544252288911 0.10578480662983425
v -0.1919889502762433 0.021526093591047818 0.11604526440410412
v -0.1919889502762433 0.08685544252288911 0.11604526440410412
v -0.18172849250197337 0.021526093591047818 0.11604526440410412
v -0.18172849250197337 0.08685544252288911 0.11604526440410412
v -0.17215864246251006 0.09505737538148525 0.09621495659037094
v -0.20155880031570655 0.09505737538148525 0.09621495659037094
v -0.20155880031570655 0.09505737538148525 0.12561511444356754
v -0.17215864246251006 0.09505737538148525 0.12561511444356754
v -0.17215864246251006 0.08656932858596134 0.09621495659037094
v -0.20155880031570655 0.08656932858596134 0.09621495659037094
v -0.20155880031570655 0.08656932858596134 0.12561511444356754
v -0.17215864246251006 0.08656932858596134 0.12561511444356754
v -0.161108918705604 0.021049237029501525 0.06346041831097082
v -0.17136937647987394 0.021049237029501525 0.06346041831097082
v -0.17136937647987394 0.07789053916581892 0.06346041831097082
v -0.161108918705604 0.07789053916581892 0.06346041831097082
v -0.17136937647987394 0.021049237029501525 0.07372087608524058
v -0.17136937647987394 0.07789053916581892 0.07372087608524058
v -0.161108918705604 0.021049237029501525 0.07372087608524058
v -0.161108918705604 0.07789053916581892 0.07372087608524058
v -0.1515390686661407 0.08609247202441506 0.0538905682715074
v -0.1809392265193372 0.08609247202441506 0.0538905682715074
v -0.1809392265193372 0.08609247202441506 0.083290726124704
v -0.1515390686661407 0.08609247202441506 0.083290726124704
v -0.1515390686661407 0.07760442522889115 0.0538905682715074
v -0.1809392265193372 0.07760442522889115 0.0538905682715074
v -0.1809392265193372 0.07760442522889115 0.083290726124704
v -0.1515390686661407 0.07760442522889115 0.083290726124704
v -0.20915548539857953 0.021049237029501525 0.067505406471981
v -0.21951460142067897 0.021049237029501525 0.067505406471981
v -0.21951460142067897 0.07789053916581892 0.067505406471981
v -0.20915548539857953 0.07789053916581892 0.067505406471981
v -0.21951460142067897 0.021049237029501525 0.07776586424625087
v -0.21951460142067897 0.07789053916581892 0.07776586424625087
v -0.20915548539857953 0.021049237029501525 0.07776586424625087
v -0.20915548539857953 0.07789053916581892 0.07776586424625087
v -0.19534333070244697 0.08609247202441506 0.05369325177584838
v -0.23332675611681158 0.08609247202441506 0.05369325177584838
v -0.23332675611681158 0.08609247202441506 0.09157801894238349
v -0.19534333070244697 0.08609247202441506 0.09157801894238349
v -0.19534333070244697 0.07760442522889115 0.05369325177584838
v -0.23332675611681158 0.07760442522889115 0.05369325177584838
v -0.23332675611681158 0.07760442522889115 0.09157801894238349
v -0.19534333070244697 0.07760442522889115 0.09157801894238349
v -0.12421073401736404 0.021049237029501525 0.06346041831097082
v -0.13447119179163397 0.021049237029501525 0.06346041831097082
v -0.13447119179163397 0.07789053916581892 0.06346041831097082
v -0.12421073401736404 0.07789053916581892 0.06346041831097082
v -0.13447119179163397 0.021049237029501525 0.07372087608524058
v -0.13447119179163397 0.07789053916581892 0.07372087608524058
v -0.12421073401736404 0.021049237029501525 0.07372087608524058
v -0.12421073401736404 0.07789053916581892 0.07372087608524058
v -0.11464088397790079 0.08609247202441506 0.0538905682715074
v -0.14404104183109728 0.08609247202441506 0.0538905682715074
v -0.14404104183109728 0.08609247202441506 0.083290726124704
v -0.11464088397790079 0.08609247202441506 0.083290726124704
v -0.11464088397790079 0.07760442522889115 0.0538905682715074
v -0.14404104183109728 0.07760442522889115 0.0538905682715074
v -0.14404104183109728 0.07760442522889115 0.083290726124704
v -0.11464088397790079 0.07760442522889115 0.083290726124704
v -0.08731254932912413 0.021049237029501525 0.06346041831097082
v -0.097573007103394 0.021049237029501525 0.06346041831097082
v -0.097573007103394 0.07789053916581892 0.06346041831097082
v -0.08731254932912413 0.07789053916581892 0.06346041831097082
v -0.097573007103394 0.021049237029501525 0.07372087608524058
v -0.097573007103394 0.07789053916581892 0.07372087608524058
v -0.08731254932912413 0.021049237029501525 0.07372087608524058
v -0.08731254932912413 0.07789053916581892 0.07372087608524058
v -0.07774269928966077 0.08609247202441506 0.0538905682715074
v -0.10714285714285732 0.08609247202441506 0.0538905682715074
v -0.10714285714285732 0.08609247202441506 0.083290726124704
v -0.07774269928966077 0.08609247202441506 0.083290726124704
v -0.07774269928966077 0.07760442522889115 0.0538905682715074
v -0.10714285714285732 0.07760442522889115 0.0538905682715074
v -0.10714285714285732 0.07760442522889115 0.083290726124704
v -0.07774269928966077 0.07760442522889115 0.083290726124704
v -0.05041436464088411 0.021049237029501525 0.06346041831097082
v -0.060674822415154095 0.021049237029501525 0.06346041831097082
v -0.060674822415154095 0.07789053916581892 0.06346041831097082
v -0.05041436464088411 0.07789053916581892 0.06346041831097082
v -0.060674822415154095 0.021049237029501525 0.07372087608524058
v -0.060674822415154095 0.07789053916581892 0.07372087608524058
v -0.05041436464088411 0.021049237029501525 0.07372087608524058
v -0.05041436464088411 0.07789053916581892 0.07372087608524058
v -0.040844514601420856 0.08609247202441506 0.0538905682715074
v -0.07024467245461735 0.08609247202441506 0.0538905682715074
v -0.07024467245461735 0.08609247202441506 0.083290726124704
v -0.040844514601420856 0.08609247202441506 0.083290726124704
v -0.040844514601420856 0.07760442522889115 0.0538905682715074
v -0.07024467245461735 0.07760442522889115 0.0538905682715074
v -0.07024467245461735 0.07760442522889115 0.083290726124704
v -0.040844514601420856 0.07760442522889115 0.083290726124704
v -0.013516179952644203 0.021049237029501525 0.06346041831097082
v -0.02377663772691413 0.021049237029501525 0.06346041831097082
v -0.02377663772691413 0.07789053916581892 0.06346041831097082
v -0.013516179952644203 0.07789053916581892 0.06346041831097082
v -0.02377663772691413 0.021049237029501525 0.07372087608524058
v -0.02377663772691413 0.07789053916581892 0.07372087608524058
v -0.013516179952644203 0.021049237029501525 0.07372087608524058
v -0.013516179952644203 0.07789053916581892 0.07372087608524058
v -0.0039463299131808904 0.08609247202441506 0.0538905682715074
v -0.03334648776637744 0.08609247202441506 0.0538905682715074
v -0.03334648776637744 0.08609247202441506 0.083290726124704
v -0.0039463299131808904 0.08609247202441506 0.083290726124704
v -0.0039463299131808904 0.07760442522889115 0.0538905682715074
v -0.03334648776637744 0.07760442522889115 0.0538905682715074
v -0.03334648776637744 0.07760442522889115 0.083290726124704
v -0.0039463299131808904 0.07760442522889115 0.083290726124704
v 0.023382004735595707 0.021049237029501525 0.06346041831097082
v 0.013121546961325725 0.021049237029501525 0.06346041831097082
v 0.013121546961325725 0.07789053916581892 0.06346041831097082
v 0.023382004735595707 0.07789053916581892 0.06346041831097082
v 0.013121546961325725 0.021049237029501525 0.07372087608524058
v 0.013121546961325725 0.07789053916581892 0.07372087608524058
v 0.023382004735595707 0.021049237029501525 0.07372087608524058
v 0.023382004735595707 0.07789053916581892 0.07372087608524058
v 0.03295185477505891 0.08609247202441506 0.0538905682715074
v 0.003551696921862524 0.08609247202441506 0.0538905682715074
v 0.003551696921862524 0.08609247202441506 0.083290726124704
v 0.03295185477505891 0.08609247202441506 0.083290726124704
v 0.03295185477505891 0.07760442522889115 0.0538905682715074
v 0.003551696921862524 0.07760442522889115 0.0538905682715074
v 0.003551696921862524 0.07760442522889115 0.083290726124704
v 0.03295185477505891 0.07760442522889115 0.083290726124704
vt 0.251 0.4004
vt 0.251 0.4044
vt 0.247 0.4044
vt 0.247 0.4004
vt 0.247 0.4004
vt 0.247 0.4044
vt 0.1022 0.4044
vt 0.1022 0.4004
vt 0.1022 0.4004
vt 0.1022 0.4044
vt 0.0981 0.4044
vt 0.0981 0.4004
vt 0.251 0.4044
vt 0.251 0.47140000000000004
vt 0.247 0.47140000000000004
vt 0.247 0.4044
vt 0.247 0.4044
vt 0.247 0.47140000000000004
vt 0.1022 0.47140000000000004
vt 0.1022 0.4044
vt 0.1022 0.4044
vt 0.1022 0.47140000000000004
vt 0.0981 0.47140000000000004
vt 0.0981 0.4044
vt 0.251 0.47140000000000004
vt 0.251 0.5492
vt 0.247 0.5492
vt 0.247 0.47140000000000004
vt 0.247 0.47140000000000004
vt 0.247 0.5492
vt 0.1022 0.5492
vt 0.1022 0.47140000000000004
vt 0.1022 0.47140000000000004
vt 0.1022 0.5492
vt 0.0981 0.5492
vt 0.0981 0.47140000000000004
vt 0.251 0.5492
vt 0.251 0.5533
vt 0.247 0.5533
vt 0.247 0.5492
vt 0.247 0.5492
vt 0.247 0.5533
vt 0.1022 0.5533
vt 0.1022 0.5492
vt 0.1022 0.5492
vt 0.1022 0.5533
vt 0.0981 0.5533
vt 0.0981 0.5492
vt 0.9898 0.7793
vt 0.9838 0.7793
vt 0.9838 0.7733
vt 0.9898 0.7733
vt 0.9838 0.8808
vt 0.9838 0.6708
vt 0.9897 0.6708
vt 0.9897 0.8808
vt 0.9898 0.7792
vt 0.9838 0.7792
vt 0.9838 0.7732
vt 0.9898 0.7732
vt 0.9898 0.7733
vt 0.9838 0.7733
vt 0.9838 0.6708
vt 0.9898 0.6708
vt 0.025 0.5487
vt 0.025 0.4233
vt 0.0848 0.4233
vt 0.0848 0.5487
vt 0.9898 0.7732
vt 0.9838 0.7732
vt 0.9838 0.671
vt 0.9898 0.671
vt 0.9947 0.6037
vt 0.9161 0.6048
vt 0.9142 0.47320000000000007
vt 0.9932 0.4953000000000001
vt 0.5479 0.6368
vt 0.3378 0.6368
vt 0.3379 0.4626
vt 0.5477 0.4626
vt 0.7125 0.6046
vt 0.6339 0.6037
vt 0.6351 0.4953000000000001
vt 0.7141 0.473
vt 0.9932 0.4953000000000001
vt 0.9142 0.47320000000000007
vt 0.9143 0.4074
vt 0.9929 0.4071
vt 0.9142 0.47320000000000007
vt 0.7141 0.473
vt 0.7142 0.4072
vt 0.9143 0.4074
vt 0.7141 0.473
vt 0.6351 0.4953000000000001
vt 0.6355 0.4071
vt 0.7142 0.4072
vt 0.8019 0.8376
vt 0.7919 0.8376
vt 0.7919 0.8229
vt 0.8019 0.8229
vt 0.7919 0.8376
vt 0.433 0.8376
vt 0.433 0.8229
vt 0.7919 0.8229
vt 0.433 0.8376
vt 0.4229 0.8376
vt 0.4229 0.8229
vt 0.433 0.8229
vt 0.8022 0.8407
vt 0.792 0.8407
vt 0.792 0.8555
vt 0.8022 0.8555
vt 0.792 0.8407
vt 0.6261 0.8407
vt 0.6261 0.8555
vt 0.792 0.8555
vt 0.6261 0.8407
vt 0.4333 0.8407
vt 0.4333 0.8555
vt 0.6261 0.8555
vt 0.4333 0.8407
vt 0.4232 0.8407
vt 0.4232 0.8555
vt 0.4333 0.8555
vt 0.4038 0.6514
vt 0.4149 0.6515
vt 0.4149 0.6677
vt 0.4038 0.6677
vt 0.4149 0.6515
vt 0.812 0.6516
vt 0.812 0.6679
vt 0.4149 0.6677
vt 0.812 0.6516
vt 0.8231 0.6516
vt 0.8231 0.6679
vt 0.812 0.6679
vt 0.4224 0.8404
vt 0.4325 0.8404
vt 0.4325 0.8552
vt 0.4224 0.8552
vt 0.4325 0.8404
vt 0.6257 0.8404
vt 0.6257 0.8552
vt 0.4325 0.8552
vt 0.6257 0.8404
vt 0.792 0.8404
vt 0.792 0.8552
vt 0.6257 0.8552
vt 0.792 0.8404
vt 0.8021 0.8404
vt 0.8021 0.8552
vt 0.792 0.8552
vt 0.8019 0.8229
vt 0.7919 0.8229
vt 0.7919 0.7909
vt 0.8019 0.7909
vt 0.7919 0.8229
vt 0.433 0.8229
vt 0.433 0.7909
vt 0.7919 0.7909
vt 0.433 0.8229
vt 0.4229 0.8229
vt 0.4229 0.7909
vt 0.433 0.7909
vt 0.8022 0.8555
vt 0.792 0.8555
vt 0.792 0.8875
vt 0.8022 0.8875
vt 0.792 0.8555
vt 0.6261 0.8555
vt 0.6261 0.9295
vt 0.792 0.8875
vt 0.6261 0.8555
vt 0.4333 0.8555
vt 0.4333 0.9295
vt 0.6261 0.9295
vt 0.4333 0.8555
vt 0.4232 0.8555
vt 0.4232 0.9295
vt 0.4333 0.9295
vt 0.4038 0.6677
vt 0.4149 0.6677
vt 0.4148 0.7496
vt 0.4038 0.7496
vt 0.4149 0.6677
vt 0.812 0.6679
vt 0.812 0.7498
vt 0.4148 0.7496
vt 0.812 0.6679
vt 0.8231 0.6679
vt 0.823 0.7498
vt 0.812 0.7498
vt 0.4224 0.8552
vt 0.4325 0.8552
vt 0.4325 0.9293
vt 0.4224 0.9293
vt 0.4325 0.8552
vt 0.6257 0.8552
vt 0.6257 0.9293
vt 0.4325 0.9293
vt 0.6257 0.8552
vt 0.792 0.8552
vt 0.792 0.8873
vt 0.6257 0.9293
vt 0.792 0.8552
vt 0.8021 0.8552
vt 0.8021 0.8873
vt 0.792 0.8873
vt 0.9652 0.6697
vt 0.9652 0.8797
vt 0.9465 0.8797
vt 0.9465 0.6697
vt 0.9464 0.8294
vt 0.9463 0.7255
vt 0.9647 0.7207
vt 0.9653 0.8245
vt 0.9286 0.6212
vt 0.9285 0.9818
vt 0.897 0.9818
vt 0.8971 0.6212
vt 0.9652 0.8246
vt 0.9651 0.7207
vt 0.9462 0.7255
vt 0.9468 0.8294
vt 0.8971 0.6111
vt 0.8971 0.6212
vt 0.8703 0.7275
vt 0.8601 0.6111
vt 0.8971 0.6212
vt 0.897 0.9818
vt 0.8703 0.8754
vt 0.8703 0.7275
vt 0.897 0.9818
vt 0.897 0.9919
vt 0.86 0.9918
vt 0.8703 0.8754
vt 0.6261 0.9295
vt 0.4333 0.9295
vt 0.4828 0.947
vt 0.6261 0.9663
vt 0.4333 0.9295
vt 0.4232 0.9295
vt 0.4232 0.9515
vt 0.4828 0.947
vt 0.4038 0.7496
vt 0.4148 0.7496
vt 0.4968 0.774
vt 0.4037 0.7739
vt 0.4148 0.7496
vt 0.812 0.7498
vt 0.7299 0.7741
vt 0.4968 0.774
vt 0.812 0.7498
vt 0.823 0.7498
vt 0.823 0.7741
vt 0.7299 0.7741
vt 0.4224 0.9293
vt 0.4325 0.9293
vt 0.4822 0.9469
vt 0.4224 0.9514
vt 0.4325 0.9293
vt 0.6257 0.9293
vt 0.6257 0.9662
vt 0.4822 0.9469
vt 0.5479 0.6368
vt 0.5477 0.4626
vt 0.6264 0.4433
vt 0.61 0.6419
vt 0.5477 0.4626
vt 0.3379 0.4626
vt 0.2916 0.3965000000000001
vt 0.5941 0.3965000000000001
vt 0.3379 0.4626
vt 0.3378 0.6368
vt 0.2757 0.6413
vt 0.2595 0.4428000000000001
vt 0.8703 0.8754
vt 0.86 0.9918
vt 0.8411 0.9918
vt 0.841 0.9081
vt 0.6261 0.9663
vt 0.4828 0.947
vt 0.5112 0.9878
vt 0.6261 0.9851
vt 0.4828 0.947
vt 0.4232 0.9515
vt 0.4232 0.9562
vt 0.5112 0.9878
vt 0.4037 0.7739
vt 0.4968 0.774
vt 0.496 0.7792
vt 0.4037 0.7792
vt 0.4968 0.774
vt 0.7299 0.7741
vt 0.7308 0.7793
vt 0.496 0.7792
vt 0.7299 0.7741
vt 0.823 0.7741
vt 0.823 0.7794
vt 0.7308 0.7793
vt 0.4224 0.9514
vt 0.4822 0.9469
vt 0.5106 0.9878
vt 0.4224 0.9561
vt 0.4822 0.9469
vt 0.6257 0.9662
vt 0.6257 0.9851
vt 0.5106 0.9878
vt 0.8601 0.6111
vt 0.8703 0.7275
vt 0.8411 0.6949
vt 0.8412 0.6111
vt 0.7243 0.0040000000000000036
vt 0.7243 0.020199999999999996
vt 0.651 0.020199999999999996
vt 0.651 0.0040000000000000036
vt 0.7243 0.0040000000000000036
vt 0.7243 0.020199999999999996
vt 0.651 0.020199999999999996
vt 0.651 0.0040000000000000036
vt 0.7243 0.0040000000000000036
vt 0.7243 0.020199999999999996
vt 0.651 0.020199999999999996
vt 0.651 0.0040000000000000036
vt 0.7243 0.0040000000000000036
vt 0.7243 0.020199999999999996
vt 0.651 0.020199999999999996
vt 0.651 0.0040000000000000036
vt 0.7243 0.0040000000000000036
vt 0.7243 0.020199999999999996
vt 0.651 0.020199999999999996
vt 0.651 0.0040000000000000036
vt 0.7243 0.0040000000000000036
vt 0.7243 0.020199999999999996
vt 0.651 0.020199999999999996
vt 0.651 0.0040000000000000036
vt 0.7243 0.0040000000000000036
vt 0.7243 0.020199999999999996
vt 0.651 0.020199999999999996
vt 0.651 0.0040000000000000036
vt 0.7243 0.0040000000000000036
vt 0.7243 0.020199999999999996
vt 0.651 0.020199999999999996
vt 0.651 0.0040000000000000036
vt 0.909 0.08799999999999997
vt 0.1267 0.08799999999999997
vt 0.1267 0.02429999999999999
vt 0.909 0.02429999999999999
vt 0.6501 0.019299999999999984
vt 0.0036 0.019299999999999984
vt 0.0036 0.0034999999999999476
vt 0.6501 0.0034999999999999476
vt 0.9243 0.020000000000000018
vt 0.8691 0.020000000000000018
vt 0.8691 0.0034999999999999476
vt 0.9243 0.0034999999999999476
vt 0.0036 0.0034999999999999476
vt 0.6501 0.0034999999999999476
vt 0.6501 0.019299999999999984
vt 0.0036 0.019299999999999984
vt 0.8691 0.0034999999999999476
vt 0.9243 0.0034999999999999476
vt 0.9243 0.020000000000000018
vt 0.8691 0.020000000000000018
vt 0.7438 0.0038000000000000256
vt 0.7438 0.020100000000000007
vt 0.6512 0.020100000000000007
vt 0.6512 0.0038000000000000256
vt 0.7438 0.0038000000000000256
vt 0.7438 0.020100000000000007
vt 0.6512 0.020100000000000007
vt 0.6512 0.0038000000000000256
vt 0.7438 0.0038000000000000256
vt 0.7438 0.020100000000000007
vt 0.6512 0.020100000000000007
vt 0.6512 0.0038000000000000256
vt 0.7438 0.0038000000000000256
vt 0.7438 0.020100000000000007
vt 0.6512 0.020100000000000007
vt 0.6512 0.0038000000000000256
vt 0.0056 0.02629999999999999
vt 0.0874 0.02629999999999999
vt 0.0874 0.10799999999999998
vt 0.0056 0.10799999999999998
vt 0.9249 0.0039000000000000146
vt 0.9958 0.0039000000000000146
vt 0.9958 0.020399999999999974
vt 0.9249 0.020399999999999974
vt 0.9251 0.0033999999999999586
vt 0.996 0.0033999999999999586
vt 0.996 0.020000000000000018
vt 0.9251 0.020000000000000018
vt 0.9251 0.0033999999999999586
vt 0.996 0.0033999999999999586
vt 0.996 0.020000000000000018
vt 0.9251 0.020000000000000018
vt 0.9251 0.0033999999999999586
vt 0.996 0.0033999999999999586
vt 0.996 0.020000000000000018
vt 0.9251 0.020000000000000018
vt 0.79 0.0040000000000000036
vt 0.79 0.020199999999999996
vt 0.651 0.020199999999999996
vt 0.651 0.0040000000000000036
vt 0.79 0.0040000000000000036
vt 0.79 0.020199999999999996
vt 0.651 0.020199999999999996
vt 0.651 0.0040000000000000036
vt 0.79 0.0040000000000000036
vt 0.79 0.020199999999999996
vt 0.651 0.020199999999999996
vt 0.651 0.0040000000000000036
vt 0.79 0.0040000000000000036
vt 0.79 0.020199999999999996
vt 0.651 0.020199999999999996
vt 0.651 0.0040000000000000036
vt 0.1737 0.3174
vt 0.2375 0.3174
vt 0.2375 0.3811
vt 0.1737 0.3811
vt 0.8693 0.0033999999999999586
vt 0.9245 0.0033999999999999586
vt 0.9245 0.01990000000000003
vt 0.8693 0.01990000000000003
vt 0.8693 0.0033999999999999586
vt 0.9245 0.0033999999999999586
vt 0.9245 0.01990000000000003
vt 0.8693 0.01990000000000003
vt 0.8693 0.0033999999999999586
vt 0.9245 0.0033999999999999586
vt 0.9245 0.01990000000000003
vt 0.8693 0.01990000000000003
vt 0.8693 0.0033999999999999586
vt 0.9245 0.0033999999999999586
vt 0.9245 0.01990000000000003
vt 0.8693 0.01990000000000003
vt 0.7576 0.0040000000000000036
vt 0.7576 0.020199999999999996
vt 0.6511 0.020199999999999996
vt 0.6511 0.0040000000000000036
vt 0.7576 0.0040000000000000036
vt 0.7576 0.020199999999999996
vt 0.6511 0.020199999999999996
vt 0.6511 0.0040000000000000036
vt 0.7576 0.0040000000000000036
vt 0.7576 0.020199999999999996
vt 0.6511 0.020199999999999996
vt 0.6511 0.0040000000000000036
vt 0.7576 0.0040000000000000036
vt 0.7576 0.020199999999999996
vt 0.6511 0.020199999999999996
vt 0.6511 0.0040000000000000036
vt 0.4664 0.1735
vt 0.5302 0.1735
vt 0.5302 0.23730000000000007
vt 0.4664 0.23730000000000007
vt 0.8693 0.0033999999999999586
vt 0.9245 0.0033999999999999586
vt 0.9245 0.01990000000000003
vt 0.8693 0.01990000000000003
vt 0.8693 0.0033999999999999586
vt 0.9245 0.0033999999999999586
vt 0.9245 0.01990000000000003
vt 0.8693 0.01990000000000003
vt 0.8693 0.0033999999999999586
vt 0.9245 0.0033999999999999586
vt 0.9245 0.01990000000000003
vt 0.8693 0.01990000000000003
vt 0.8693 0.0033999999999999586
vt 0.9245 0.0033999999999999586
vt 0.9245 0.01990000000000003
vt 0.8693 0.01990000000000003
vt 0.7576 0.0040000000000000036
vt 0.7576 0.020199999999999996
vt 0.6511 0.020199999999999996
vt 0.6511 0.0040000000000000036
vt 0.7576 0.0040000000000000036
vt 0.7576 0.020199999999999996
vt 0.6511 0.020199999999999996
vt 0.6511 0.0040000000000000036
vt 0.7576 0.0040000000000000036
vt 0.7576 0.020199999999999996
vt 0.6511 0.020199999999999996
vt 0.6511 0.0040000000000000036
vt 0.7576 0.0040000000000000036
vt 0.7576 0.020199999999999996
vt 0.6511 0.020199999999999996
vt 0.6511 0.0040000000000000036
vt 0.3882 0.1735
vt 0.4519 0.1735
vt 0.4519 0.23730000000000007
vt 0.3882 0.23730000000000007
vt 0.9243 0.020000000000000018
vt 0.8691 0.020000000000000018
vt 0.8691 0.0034999999999999476
vt 0.9243 0.0034999999999999476
vt 0.9243 0.020000000000000018
vt 0.8691 0.020000000000000018
vt 0.8691 0.0034999999999999476
vt 0.9243 0.0034999999999999476
vt 0.8691 0.0034999999999999476
vt 0.9243 0.0034999999999999476
vt 0.9243 0.020000000000000018
vt 0.8691 0.020000000000000018
vt 0.8691 0.0034999999999999476
vt 0.9243 0.0034999999999999476
vt 0.9243 0.020000000000000018
vt 0.8691 0.020000000000000018
vt 0.6517 0.020100000000000007
vt 0.6517 0.0039000000000000146
vt 0.7582 0.0039000000000000146
vt 0.7582 0.020100000000000007
vt 0.6517 0.020100000000000007
vt 0.6517 0.0039000000000000146
vt 0.7582 0.0039000000000000146
vt 0.7582 0.020100000000000007
vt 0.7582 0.0039000000000000146
vt 0.7582 0.020100000000000007
vt 0.6517 0.020100000000000007
vt 0.6517 0.0039000000000000146
vt 0.7576 0.020199999999999996
vt 0.7576 0.0040000000000000036
vt 0.6511 0.0038000000000000256
vt 0.6511 0.020100000000000007
vt 0.314 0.1735
vt 0.3778 0.1735
vt 0.3778 0.23719999999999997
vt 0.314 0.23719999999999997
vt 0.9243 0.020000000000000018
vt 0.8691 0.020000000000000018
vt 0.8691 0.0034999999999999476
vt 0.9243 0.0034999999999999476
vt 0.9243 0.020000000000000018
vt 0.8691 0.020000000000000018
vt 0.8691 0.0034999999999999476
vt 0.9243 0.0034999999999999476
vt 0.8691 0.0034999999999999476
vt 0.9243 0.0034999999999999476
vt 0.9243 0.020000000000000018
vt 0.8691 0.020000000000000018
vt 0.8691 0.0034999999999999476
vt 0.9243 0.0034999999999999476
vt 0.9243 0.020000000000000018
vt 0.8691 0.020000000000000018
vt 0.6507 0.020000000000000018
vt 0.6507 0.0038000000000000256
vt 0.7434 0.0038000000000000256
vt 0.7434 0.020000000000000018
vt 0.6516 0.020199999999999996
vt 0.6516 0.0040000000000000036
vt 0.7443 0.0040000000000000036
vt 0.7443 0.020199999999999996
vt 0.7443 0.0040000000000000036
vt 0.7443 0.020199999999999996
vt 0.6516 0.020199999999999996
vt 0.6516 0.0040000000000000036
vt 0.7443 0.0040000000000000036
vt 0.7443 0.020199999999999996
vt 0.6516 0.020199999999999996
vt 0.6516 0.0040000000000000036
vt 0.2483 0.09929999999999994
vt 0.3121 0.09929999999999994
vt 0.3121 0.16310000000000002
vt 0.2483 0.16310000000000002
vt 0.9243 0.020000000000000018
vt 0.8691 0.020000000000000018
vt 0.8691 0.0034999999999999476
vt 0.9243 0.0034999999999999476
vt 0.9243 0.020000000000000018
vt 0.8691 0.020000000000000018
vt 0.8691 0.0034999999999999476
vt 0.9243 0.0034999999999999476
vt 0.8691 0.0034999999999999476
vt 0.9243 0.0034999999999999476
vt 0.9243 0.020000000000000018
vt 0.8691 0.020000000000000018
vt 0.8691 0.0034999999999999476
vt 0.9243 0.0034999999999999476
vt 0.9243 0.020000000000000018
vt 0.8691 0.020000000000000018
vt 0.651 0.0036000000000000476
vt 0.651 0.01980000000000004
vt 0.8022 0.01990000000000003
vt 0.8022 0.0037000000000000366
vt 0.6511 0.0039000000000000146
vt 0.6511 0.020199999999999996
vt 0.8024 0.020199999999999996
vt 0.8024 0.0040000000000000036
vt 0.6511 0.020499999999999963
vt 0.6511 0.0042999999999999705
vt 0.8024 0.0043999999999999595
vt 0.8024 0.02059999999999995
vt 0.6511 0.020499999999999963
vt 0.6511 0.0042999999999999705
vt 0.8024 0.0043999999999999595
vt 0.8024 0.02059999999999995
vt 0.0052 0.3198
vt 0.069 0.3198
vt 0.069 0.38349999999999995
vt 0.0052 0.38349999999999995
vt 0.9243 0.020000000000000018
vt 0.8691 0.020000000000000018
vt 0.8691 0.0034999999999999476
vt 0.9243 0.0034999999999999476
vt 0.9243 0.020000000000000018
vt 0.8691 0.020000000000000018
vt 0.8691 0.0034999999999999476
vt 0.9243 0.0034999999999999476
vt 0.8691 0.0034999999999999476
vt 0.9243 0.0034999999999999476
vt 0.9243 0.020000000000000018
vt 0.8691 0.020000000000000018
vt 0.8691 0.0034999999999999476
vt 0.9243 0.0034999999999999476
vt 0.9243 0.020000000000000018
vt 0.8691 0.020000000000000018
vt 0.6509 0.0040999999999999925
vt 0.651 0.020299999999999985
vt 0.7899 0.020000000000000018
vt 0.7899 0.0038000000000000256
vt 0.6514 0.01980000000000004
vt 0.6514 0.0036000000000000476
vt 0.7904 0.0036000000000000476
vt 0.7904 0.01980000000000004
vt 0.651 0.020199999999999996
vt 0.651 0.0040000000000000036
vt 0.7899 0.0036000000000000476
vt 0.79 0.01980000000000004
vt 0.7904 0.0036000000000000476
vt 0.7904 0.01980000000000004
vt 0.6514 0.01980000000000004
vt 0.6514 0.0036000000000000476
vt 0.1032 0.3171999999999999
vt 0.167 0.3171999999999999
vt 0.167 0.3809
vt 0.1032 0.3809
vt 0.9243 0.020000000000000018
vt 0.8691 0.020000000000000018
vt 0.8691 0.0034999999999999476
vt 0.9243 0.0034999999999999476
vt 0.9243 0.020000000000000018
vt 0.8691 0.020000000000000018
vt 0.8691 0.0034999999999999476
vt 0.9243 0.0034999999999999476
vt 0.8691 0.0034999999999999476
vt 0.9243 0.0034999999999999476
vt 0.9243 0.020000000000000018
vt 0.8691 0.020000000000000018
vt 0.8691 0.0034999999999999476
vt 0.9243 0.0034999999999999476
vt 0.9243 0.020000000000000018
vt 0.8691 0.020000000000000018
vt 0.6518 0.020499999999999963
vt 0.6518 0.0042999999999999705
vt 0.773 0.0042999999999999705
vt 0.773 0.020499999999999963
vt 0.6508 0.0036000000000000476
vt 0.6508 0.01980000000000004
vt 0.772 0.020000000000000018
vt 0.772 0.0038000000000000256
vt 0.7725 0.0041999999999999815
vt 0.7725 0.020399999999999974
vt 0.6513 0.020399999999999974
vt 0.6513 0.0041999999999999815
vt 0.6507 0.020000000000000018
vt 0.6507 0.0038000000000000256
vt 0.772 0.0039000000000000146
vt 0.7719 0.020100000000000007
vt 0.0879 0.244
vt 0.1517 0.244
vt 0.1517 0.3077
vt 0.0879 0.3077
vt 0.9243 0.020000000000000018
vt 0.8691 0.020000000000000018
vt 0.8691 0.0034999999999999476
vt 0.9243 0.0034999999999999476
vt 0.9243 0.020000000000000018
vt 0.8691 0.020000000000000018
vt 0.8691 0.0034999999999999476
vt 0.9243 0.0034999999999999476
vt 0.8691 0.0034999999999999476
vt 0.9243 0.0034999999999999476
vt 0.9243 0.020000000000000018
vt 0.8691 0.020000000000000018
vt 0.8691 0.0034999999999999476
vt 0.9243 0.0034999999999999476
vt 0.9243 0.020000000000000018
vt 0.8691 0.020000000000000018
vt 0.6509 0.020299999999999985
vt 0.6509 0.0040999999999999925
vt 0.7721 0.0040999999999999925
vt 0.7721 0.020299999999999985
vt 0.6515 0.020100000000000007
vt 0.6515 0.0038000000000000256
vt 0.7728 0.0038000000000000256
vt 0.7728 0.020100000000000007
vt 0.7723 0.0040999999999999925
vt 0.7723 0.020299999999999985
vt 0.6511 0.020299999999999985
vt 0.6511 0.0040999999999999925
vt 0.773 0.0042999999999999705
vt 0.773 0.020499999999999963
vt 0.6518 0.020499999999999963
vt 0.6518 0.0042999999999999705
vt 0.1579 0.244
vt 0.2216 0.244
vt 0.2216 0.3078000000000001
vt 0.1579 0.3078000000000001
vt 0.9243 0.020000000000000018
vt 0.8691 0.020000000000000018
vt 0.8691 0.0034999999999999476
vt 0.9243 0.0034999999999999476
vt 0.9243 0.020000000000000018
vt 0.8691 0.020000000000000018
vt 0.8691 0.0034999999999999476
vt 0.9243 0.0034999999999999476
vt 0.8691 0.0034999999999999476
vt 0.9243 0.0034999999999999476
vt 0.9243 0.020000000000000018
vt 0.8691 0.020000000000000018
vt 0.8691 0.0034999999999999476
vt 0.9243 0.0034999999999999476
vt 0.9243 0.020000000000000018
vt 0.8691 0.020000000000000018
vt 0.6509 0.0040999999999999925
vt 0.651 0.020299999999999985
vt 0.7899 0.020000000000000018
vt 0.7899 0.0038000000000000256
vt 0.6517 0.01980000000000004
vt 0.6517 0.0036000000000000476
vt 0.7906 0.0036000000000000476
vt 0.7906 0.01980000000000004
vt 0.651 0.020199999999999996
vt 0.651 0.0040000000000000036
vt 0.7899 0.0036000000000000476
vt 0.79 0.01980000000000004
vt 0.7906 0.0036000000000000476
vt 0.7906 0.01980000000000004
vt 0.6516 0.01980000000000004
vt 0.6516 0.0036000000000000476
vt 0.2443 0.3175
vt 0.308 0.3175
vt 0.308 0.3813
vt 0.2443 0.3813
vt 0.9243 0.020000000000000018
vt 0.8691 0.020000000000000018
vt 0.8691 0.0034999999999999476
vt 0.9243 0.0034999999999999476
vt 0.9243 0.020000000000000018
vt 0.8691 0.020000000000000018
vt 0.8691 0.0034999999999999476
vt 0.9243 0.0034999999999999476
vt 0.8691 0.0034999999999999476
vt 0.9243 0.0034999999999999476
vt 0.9243 0.020000000000000018
vt 0.8691 0.020000000000000018
vt 0.8691 0.0034999999999999476
vt 0.9243 0.0034999999999999476
vt 0.9243 0.020000000000000018
vt 0.8691 0.020000000000000018
vt 0.6517 0.01980000000000004
vt 0.6517 0.0036000000000000476
vt 0.7906 0.0036000000000000476
vt 0.7906 0.01980000000000004
vt 0.6517 0.01980000000000004
vt 0.6517 0.0036000000000000476
vt 0.7906 0.0036000000000000476
vt 0.7906 0.01980000000000004
vt 0.79 0.0032999999999999696
vt 0.79 0.019499999999999962
vt 0.651 0.019499999999999962
vt 0.651 0.0032999999999999696
vt 0.7897 0.0036000000000000476
vt 0.7897 0.01980000000000004
vt 0.6508 0.01980000000000004
vt 0.6508 0.0036000000000000476
vt 0.3184 0.3184
vt 0.3821 0.3184
vt 0.3821 0.3821
vt 0.3184 0.3821
vt 0.9243 0.020000000000000018
vt 0.8691 0.020000000000000018
vt 0.8691 0.0034999999999999476
vt 0.9243 0.0034999999999999476
vt 0.9243 0.020000000000000018
vt 0.8691 0.020000000000000018
vt 0.8691 0.0034999999999999476
vt 0.9243 0.0034999999999999476
vt 0.8691 0.0034999999999999476
vt 0.9243 0.0034999999999999476
vt 0.9243 0.020000000000000018
vt 0.8691 0.020000000000000018
vt 0.8691 0.0034999999999999476
vt 0.9243 0.0034999999999999476
vt 0.9243 0.020000000000000018
vt 0.8691 0.020000000000000018
vt 0.651 0.01980000000000004
vt 0.651 0.0036000000000000476
vt 0.7899 0.0036000000000000476
vt 0.7899 0.01980000000000004
vt 0.6506 0.020499999999999963
vt 0.6506 0.0042999999999999705
vt 0.7895 0.0042999999999999705
vt 0.7895 0.020499999999999963
vt 0.7895 0.0040000000000000036
vt 0.7895 0.020299999999999985
vt 0.6506 0.020299999999999985
vt 0.6506 0.0040000000000000036
vt 0.7897 0.0036000000000000476
vt 0.7897 0.01980000000000004
vt 0.6508 0.01980000000000004
vt 0.6508 0.0036000000000000476
vt 0.3921 0.3184
vt 0.4559 0.3184
vt 0.4559 0.3822
vt 0.3921 0.3822
vt 0.9243 0.020000000000000018
vt 0.8691 0.020000000000000018
vt 0.8691 0.0034999999999999476
vt 0.9243 0.0034999999999999476
vt 0.9243 0.020000000000000018
vt 0.8691 0.020000000000000018
vt 0.8691 0.0034999999999999476
vt 0.9243 0.0034999999999999476
vt 0.8691 0.0034999999999999476
vt 0.9243 0.0034999999999999476
vt 0.9243 0.020000000000000018
vt 0.8691 0.020000000000000018
vt 0.8691 0.0034999999999999476
vt 0.9243 0.0034999999999999476
vt 0.9243 0.020000000000000018
vt 0.8691 0.020000000000000018
vt 0.6514 0.01959999999999995
vt 0.6514 0.0033999999999999586
vt 0.7904 0.0033999999999999586
vt 0.7904 0.01959999999999995
vt 0.6509 0.0040999999999999925
vt 0.651 0.020299999999999985
vt 0.7899 0.020000000000000018
vt 0.7899 0.0038000000000000256
vt 0.7902 0.0038000000000000256
vt 0.7902 0.020000000000000018
vt 0.6512 0.020000000000000018
vt 0.6512 0.0038000000000000256
vt 0.7902 0.0034999999999999476
vt 0.7902 0.01980000000000004
vt 0.6512 0.01980000000000004
vt 0.6512 0.0034999999999999476
vt 0.4624 0.3185
vt 0.5261 0.3185
vt 0.5261 0.3822
vt 0.4624 0.3822
vt 0.8693 0.0033999999999999586
vt 0.9245 0.0033999999999999586
vt 0.9245 0.01990000000000003
vt 0.8693 0.01990000000000003
vt 0.8693 0.0033999999999999586
vt 0.9245 0.0033999999999999586
vt 0.9245 0.01990000000000003
vt 0.8693 0.01990000000000003
vt 0.8693 0.0033999999999999586
vt 0.9245 0.0033999999999999586
vt 0.9245 0.01990000000000003
vt 0.8693 0.01990000000000003
vt 0.8693 0.0033999999999999586
vt 0.9245 0.0033999999999999586
vt 0.9245 0.01990000000000003
vt 0.8693 0.01990000000000003
vt 0.79 0.0040000000000000036
vt 0.79 0.020199999999999996
vt 0.651 0.020199999999999996
vt 0.651 0.0040000000000000036
vt 0.79 0.0040000000000000036
vt 0.79 0.020199999999999996
vt 0.651 0.020199999999999996
vt 0.651 0.0040000000000000036
vt 0.79 0.0040000000000000036
vt 0.79 0.020199999999999996
vt 0.651 0.020199999999999996
vt 0.651 0.0040000000000000036
vt 0.79 0.0040000000000000036
vt 0.79 0.020199999999999996
vt 0.651 0.020199999999999996
vt 0.651 0.0040000000000000036
vt 0.6105 0.3175
vt 0.6742 0.3175
vt 0.6742 0.3813
vt 0.6105 0.3813
vt 0.8693 0.0033999999999999586
vt 0.9245 0.0033999999999999586
vt 0.9245 0.01990000000000003
vt 0.8693 0.01990000000000003
vt 0.8693 0.0033999999999999586
vt 0.9245 0.0033999999999999586
vt 0.9245 0.01990000000000003
vt 0.8693 0.01990000000000003
vt 0.8693 0.0033999999999999586
vt 0.9245 0.0033999999999999586
vt 0.9245 0.01990000000000003
vt 0.8693 0.01990000000000003
vt 0.8693 0.0033999999999999586
vt 0.9245 0.0033999999999999586
vt 0.9245 0.01990000000000003
vt 0.8693 0.01990000000000003
vt 0.79 0.0040000000000000036
vt 0.79 0.020199999999999996
vt 0.651 0.020199999999999996
vt 0.651 0.0040000000000000036
vt 0.79 0.0040000000000000036
vt 0.79 0.020199999999999996
vt 0.651 0.020199999999999996
vt 0.651 0.0040000000000000036
vt 0.79 0.0040000000000000036
vt 0.79 0.020199999999999996
vt 0.651 0.020199999999999996
vt 0.651 0.0040000000000000036
vt 0.79 0.0040000000000000036
vt 0.79 0.020199999999999996
vt 0.651 0.020199999999999996
vt 0.651 0.0040000000000000036
vt 0.6808 0.31800000000000006
vt 0.7446 0.31800000000000006
vt 0.7446 0.38169999999999993
vt 0.6808 0.38169999999999993
vt 0.8693 0.0033999999999999586
vt 0.9245 0.0033999999999999586
vt 0.9245 0.01990000000000003
vt 0.8693 0.01990000000000003
vt 0.8693 0.0033999999999999586
vt 0.9245 0.0033999999999999586
vt 0.9245 0.01990000000000003
vt 0.8693 0.01990000000000003
vt 0.8693 0.0033999999999999586
vt 0.9245 0.0033999999999999586
vt 0.9245 0.01990000000000003
vt 0.8693 0.01990000000000003
vt 0.8693 0.0033999999999999586
vt 0.9245 0.0033999999999999586
vt 0.9245 0.01990000000000003
vt 0.8693 0.01990000000000003
vt 0.79 0.0040000000000000036
vt 0.79 0.020199999999999996
vt 0.651 0.020199999999999996
vt 0.651 0.0040000000000000036
vt 0.79 0.0040000000000000036
vt 0.79 0.020199999999999996
vt 0.651 0.020199999999999996
vt 0.651 0.0040000000000000036
vt 0.79 0.0040000000000000036
vt 0.79 0.020199999999999996
vt 0.651 0.020199999999999996
vt 0.651 0.0040000000000000036
vt 0.79 0.0040000000000000036
vt 0.79 0.020199999999999996
vt 0.651 0.020199999999999996
vt 0.651 0.0040000000000000036
vt 0.7517 0.3173
vt 0.8155 0.3173
vt 0.8155 0.3811
vt 0.7517 0.3811
vt 0.8693 0.0033999999999999586
vt 0.9245 0.0033999999999999586
vt 0.9245 0.01990000000000003
vt 0.8693 0.01990000000000003
vt 0.8693 0.0033999999999999586
vt 0.9245 0.0033999999999999586
vt 0.9245 0.01990000000000003
vt 0.8693 0.01990000000000003
vt 0.8693 0.0033999999999999586
vt 0.9245 0.0033999999999999586
vt 0.9245 0.01990000000000003
vt 0.8693 0.01990000000000003
vt 0.8693 0.0033999999999999586
vt 0.9245 0.0033999999999999586
vt 0.9245 0.01990000000000003
vt 0.8693 0.01990000000000003
vt 0.8022 0.0038000000000000256
vt 0.8022 0.020100000000000007
vt 0.651 0.020100000000000007
vt 0.651 0.0038000000000000256
vt 0.8022 0.0038000000000000256
vt 0.8022 0.020100000000000007
vt 0.651 0.020100000000000007
vt 0.651 0.0038000000000000256
vt 0.8022 0.0038000000000000256
vt 0.8022 0.020100000000000007
vt 0.651 0.020100000000000007
vt 0.651 0.0038000000000000256
vt 0.8022 0.0038000000000000256
vt 0.8022 0.020100000000000007
vt 0.651 0.020100000000000007
vt 0.651 0.0038000000000000256
vt 0.8768 0.31790000000000007
vt 0.9405 0.31790000000000007
vt 0.9405 0.38159999999999994
vt 0.8768 0.38159999999999994
vt 0.8693 0.0033999999999999586
vt 0.9245 0.0033999999999999586
vt 0.9245 0.01990000000000003
vt 0.8693 0.01990000000000003
vt 0.8693 0.0033999999999999586
vt 0.9245 0.0033999999999999586
vt 0.9245 0.01990000000000003
vt 0.8693 0.01990000000000003
vt 0.8693 0.0033999999999999586
vt 0.9245 0.0033999999999999586
vt 0.9245 0.01990000000000003
vt 0.8693 0.01990000000000003
vt 0.8693 0.0033999999999999586
vt 0.9245 0.0033999999999999586
vt 0.9245 0.01990000000000003
vt 0.8693 0.01990000000000003
vt 0.7724 0.0038000000000000256
vt 0.7724 0.020100000000000007
vt 0.6511 0.020100000000000007
vt 0.6511 0.0038000000000000256
vt 0.7724 0.0038000000000000256
vt 0.7724 0.020100000000000007
vt 0.6511 0.020100000000000007
vt 0.6511 0.0038000000000000256
vt 0.7724 0.0038000000000000256
vt 0.7724 0.020100000000000007
vt 0.6511 0.020100000000000007
vt 0.6511 0.0038000000000000256
vt 0.7724 0.0038000000000000256
vt 0.7724 0.020100000000000007
vt 0.6511 0.020100000000000007
vt 0.6511 0.0038000000000000256
vt 0.8229 0.24370000000000003
vt 0.8866 0.24370000000000003
vt 0.8866 0.3075
vt 0.8229 0.3075
vt 0.8693 0.0033999999999999586
vt 0.9245 0.0033999999999999586
vt 0.9245 0.01990000000000003
vt 0.8693 0.01990000000000003
vt 0.8693 0.0033999999999999586
vt 0.9245 0.0033999999999999586
vt 0.9245 0.01990000000000003
vt 0.8693 0.01990000000000003
vt 0.8693 0.0033999999999999586
vt 0.9245 0.0033999999999999586
vt 0.9245 0.01990000000000003
vt 0.8693 0.01990000000000003
vt 0.8693 0.0033999999999999586
vt 0.9245 0.0033999999999999586
vt 0.9245 0.01990000000000003
vt 0.8693 0.01990000000000003
vt 0.7724 0.0038000000000000256
vt 0.7724 0.020100000000000007
vt 0.6511 0.020100000000000007
vt 0.6511 0.0038000000000000256
vt 0.7724 0.0038000000000000256
vt 0.7724 0.020100000000000007
vt 0.6511 0.020100000000000007
vt 0.6511 0.0038000000000000256
vt 0.7724 0.0038000000000000256
vt 0.7724 0.020100000000000007
vt 0.6511 0.020100000000000007
vt 0.6511 0.0038000000000000256
vt 0.7724 0.0038000000000000256
vt 0.7724 0.020100000000000007
vt 0.6511 0.020100000000000007
vt 0.6511 0.0038000000000000256
vt 0.6737 0.244
vt 0.7375 0.244
vt 0.7375 0.3077
vt 0.6737 0.3077
vt 0.8693 0.0033999999999999586
vt 0.9245 0.0033999999999999586
vt 0.9245 0.01990000000000003
vt 0.8693 0.01990000000000003
vt 0.8693 0.0033999999999999586
vt 0.9245 0.0033999999999999586
vt 0.9245 0.01990000000000003
vt 0.8693 0.01990000000000003
vt 0.8693 0.0033999999999999586
vt 0.9245 0.0033999999999999586
vt 0.9245 0.01990000000000003
vt 0.8693 0.01990000000000003
vt 0.8693 0.0033999999999999586
vt 0.9245 0.0033999999999999586
vt 0.9245 0.01990000000000003
vt 0.8693 0.01990000000000003
vt 0.7724 0.0038000000000000256
vt 0.7724 0.020100000000000007
vt 0.6511 0.020100000000000007
vt 0.6511 0.0038000000000000256
vt 0.7724 0.0038000000000000256
vt 0.7724 0.020100000000000007
vt 0.6511 0.020100000000000007
vt 0.6511 0.0038000000000000256
vt 0.7724 0.0038000000000000256
vt 0.7724 0.020100000000000007
vt 0.6511 0.020100000000000007
vt 0.6511 0.0038000000000000256
vt 0.7724 0.0038000000000000256
vt 0.7724 0.020100000000000007
vt 0.6511 0.020100000000000007
vt 0.6511 0.0038000000000000256
vt 0.5996 0.24380000000000002
vt 0.6633 0.24380000000000002
vt 0.6633 0.3076
vt 0.5996 0.3076
vt 0.8693 0.0033999999999999586
vt 0.9245 0.0033999999999999586
vt 0.9245 0.01990000000000003
vt 0.8693 0.01990000000000003
vt 0.8693 0.0033999999999999586
vt 0.9245 0.0033999999999999586
vt 0.9245 0.01990000000000003
vt 0.8693 0.01990000000000003
vt 0.8693 0.0033999999999999586
vt 0.9245 0.0033999999999999586
vt 0.9245 0.01990000000000003
vt 0.8693 0.01990000000000003
vt 0.8693 0.0033999999999999586
vt 0.9245 0.0033999999999999586
vt 0.9245 0.01990000000000003
vt 0.8693 0.01990000000000003
vt 0.7724 0.0038000000000000256
vt 0.7724 0.020100000000000007
vt 0.6511 0.020100000000000007
vt 0.6511 0.0038000000000000256
vt 0.7724 0.0038000000000000256
vt 0.7724 0.020100000000000007
vt 0.6511 0.020100000000000007
vt 0.6511 0.0038000000000000256
vt 0.7724 0.0038000000000000256
vt 0.7724 0.020100000000000007
vt 0.6511 0.020100000000000007
vt 0.6511 0.0038000000000000256
vt 0.7724 0.0038000000000000256
vt 0.7724 0.020100000000000007
vt 0.6511 0.020100000000000007
vt 0.6511 0.0038000000000000256
vt 0.7483 0.2439
vt 0.8121 0.2439
vt 0.8121 0.3077
vt 0.7483 0.3077
vt 0.8693 0.0033999999999999586
vt 0.9245 0.0033999999999999586
vt 0.9245 0.01990000000000003
vt 0.8693 0.01990000000000003
vt 0.8693 0.0033999999999999586
vt 0.9245 0.0033999999999999586
vt 0.9245 0.01990000000000003
vt 0.8693 0.01990000000000003
vt 0.8693 0.0033999999999999586
vt 0.9245 0.0033999999999999586
vt 0.9245 0.01990000000000003
vt 0.8693 0.01990000000000003
vt 0.8693 0.0033999999999999586
vt 0.9245 0.0033999999999999586
vt 0.9245 0.01990000000000003
vt 0.8693 0.01990000000000003
vt 0.7724 0.0038000000000000256
vt 0.7724 0.020100000000000007
vt 0.6511 0.020100000000000007
vt 0.6511 0.0038000000000000256
vt 0.7724 0.0038000000000000256
vt 0.7724 0.020100000000000007
vt 0.6511 0.020100000000000007
vt 0.6511 0.0038000000000000256
vt 0.7724 0.0038000000000000256
vt 0.7724 0.020100000000000007
vt 0.6511 0.020100000000000007
vt 0.6511 0.0038000000000000256
vt 0.7724 0.0038000000000000256
vt 0.7724 0.020100000000000007
vt 0.6511 0.020100000000000007
vt 0.6511 0.0038000000000000256
vt 0.5257 0.24370000000000003
vt 0.5894 0.24370000000000003
vt 0.5894 0.3074
vt 0.5257 0.3074
vt 0.8693 0.0033999999999999586
vt 0.9245 0.0033999999999999586
vt 0.9245 0.01990000000000003
vt 0.8693 0.01990000000000003
vt 0.8693 0.0033999999999999586
vt 0.9245 0.0033999999999999586
vt 0.9245 0.01990000000000003
vt 0.8693 0.01990000000000003
vt 0.8693 0.0033999999999999586
vt 0.9245 0.0033999999999999586
vt 0.9245 0.01990000000000003
vt 0.8693 0.01990000000000003
vt 0.8693 0.0033999999999999586
vt 0.9245 0.0033999999999999586
vt 0.9245 0.01990000000000003
vt 0.8693 0.01990000000000003
vt 0.79 0.0040000000000000036
vt 0.79 0.020199999999999996
vt 0.651 0.020199999999999996
vt 0.651 0.0040000000000000036
vt 0.79 0.0040000000000000036
vt 0.79 0.020199999999999996
vt 0.651 0.020199999999999996
vt 0.651 0.0040000000000000036
vt 0.79 0.0040000000000000036
vt 0.79 0.020199999999999996
vt 0.651 0.020199999999999996
vt 0.651 0.0040000000000000036
vt 0.79 0.0040000000000000036
vt 0.79 0.020199999999999996
vt 0.651 0.020199999999999996
vt 0.651 0.0040000000000000036
vt 0.5371 0.3183
vt 0.6009 0.3183
vt 0.6009 0.382
vt 0.5371 0.382
vt 0.8693 0.0033999999999999586
vt 0.9245 0.0033999999999999586
vt 0.9245 0.01990000000000003
vt 0.8693 0.01990000000000003
vt 0.8693 0.0033999999999999586
vt 0.9245 0.0033999999999999586
vt 0.9245 0.01990000000000003
vt 0.8693 0.01990000000000003
vt 0.8693 0.0033999999999999586
vt 0.9245 0.0033999999999999586
vt 0.9245 0.01990000000000003
vt 0.8693 0.01990000000000003
vt 0.8693 0.0033999999999999586
vt 0.9245 0.0033999999999999586
vt 0.9245 0.01990000000000003
vt 0.8693 0.01990000000000003
vt 0.7724 0.0038000000000000256
vt 0.7724 0.020100000000000007
vt 0.6511 0.020100000000000007
vt 0.6511 0.0038000000000000256
vt 0.7724 0.0038000000000000256
vt 0.7724 0.020100000000000007
vt 0.6511 0.020100000000000007
vt 0.6511 0.0038000000000000256
vt 0.7724 0.0038000000000000256
vt 0.7724 0.020100000000000007
vt 0.6511 0.020100000000000007
vt 0.6511 0.0038000000000000256
vt 0.7724 0.0038000000000000256
vt 0.7724 0.020100000000000007
vt 0.6511 0.020100000000000007
vt 0.6511 0.0038000000000000256
vt 0.3805 0.244
vt 0.4442 0.244
vt 0.4442 0.3078000000000001
vt 0.3805 0.3078000000000001
vt 0.8693 0.0033999999999999586
vt 0.9245 0.0033999999999999586
vt 0.9245 0.01990000000000003
vt 0.8693 0.01990000000000003
vt 0.8693 0.0033999999999999586
vt 0.9245 0.0033999999999999586
vt 0.9245 0.01990000000000003
vt 0.8693 0.01990000000000003
vt 0.8693 0.0033999999999999586
vt 0.9245 0.0033999999999999586
vt 0.9245 0.01990000000000003
vt 0.8693 0.01990000000000003
vt 0.8693 0.0033999999999999586
vt 0.9245 0.0033999999999999586
vt 0.9245 0.01990000000000003
vt 0.8693 0.01990000000000003
vt 0.7724 0.0038000000000000256
vt 0.7724 0.020100000000000007
vt 0.6511 0.020100000000000007
vt 0.6511 0.0038000000000000256
vt 0.7724 0.0038000000000000256
vt 0.7724 0.020100000000000007
vt 0.6511 0.020100000000000007
vt 0.6511 0.0038000000000000256
vt 0.7724 0.0038000000000000256
vt 0.7724 0.020100000000000007
vt 0.6511 0.020100000000000007
vt 0.6511 0.0038000000000000256
vt 0.7724 0.0038000000000000256
vt 0.7724 0.020100000000000007
vt 0.6511 0.020100000000000007
vt 0.6511 0.0038000000000000256
vt 0.3063 0.2439
vt 0.3701 0.2439
vt 0.3701 0.3076
vt 0.3063 0.3076
vt 0.8693 0.0033999999999999586
vt 0.9245 0.0033999999999999586
vt 0.9245 0.01990000000000003
vt 0.8693 0.01990000000000003
vt 0.8693 0.0033999999999999586
vt 0.9245 0.0033999999999999586
vt 0.9245 0.01990000000000003
vt 0.8693 0.01990000000000003
vt 0.8693 0.0033999999999999586
vt 0.9245 0.0033999999999999586
vt 0.9245 0.01990000000000003
vt 0.8693 0.01990000000000003
vt 0.8693 0.0033999999999999586
vt 0.9245 0.0033999999999999586
vt 0.9245 0.01990000000000003
vt 0.8693 0.01990000000000003
vt 0.7724 0.0038000000000000256
vt 0.7724 0.020100000000000007
vt 0.6511 0.020100000000000007
vt 0.6511 0.0038000000000000256
vt 0.7724 0.0038000000000000256
vt 0.7724 0.020100000000000007
vt 0.6511 0.020100000000000007
vt 0.6511 0.0038000000000000256
vt 0.7724 0.0038000000000000256
vt 0.7724 0.020100000000000007
vt 0.6511 0.020100000000000007
vt 0.6511 0.0038000000000000256
vt 0.7724 0.0038000000000000256
vt 0.7724 0.020100000000000007
vt 0.6511 0.020100000000000007
vt 0.6511 0.0038000000000000256
vt 0.232 0.24409999999999998
vt 0.2958 0.24409999999999998
vt 0.2958 0.3078000000000001
vt 0.232 0.3078000000000001
vt 0.8693 0.0033999999999999586
vt 0.9245 0.0033999999999999586
vt 0.9245 0.01990000000000003
vt 0.8693 0.01990000000000003
vt 0.8693 0.0033999999999999586
vt 0.9245 0.0033999999999999586
vt 0.9245 0.01990000000000003
vt 0.8693 0.01990000000000003
vt 0.8693 0.0033999999999999586
vt 0.9245 0.0033999999999999586
vt 0.9245 0.01990000000000003
vt 0.8693 0.01990000000000003
vt 0.8693 0.0033999999999999586
vt 0.9245 0.0033999999999999586
vt 0.9245 0.01990000000000003
vt 0.8693 0.01990000000000003
vt 0.7576 0.0040000000000000036
vt 0.7576 0.020199999999999996
vt 0.6511 0.020199999999999996
vt 0.6511 0.0040000000000000036
vt 0.7576 0.0040000000000000036
vt 0.7576 0.020199999999999996
vt 0.6511 0.020199999999999996
vt 0.6511 0.0040000000000000036
vt 0.7576 0.0040000000000000036
vt 0.7576 0.020199999999999996
vt 0.6511 0.020199999999999996
vt 0.6511 0.0040000000000000036
vt 0.7576 0.0040000000000000036
vt 0.7576 0.020199999999999996
vt 0.6511 0.020199999999999996
vt 0.6511 0.0040000000000000036
vt 0.2399 0.1735
vt 0.3037 0.1735
vt 0.3037 0.23730000000000007
vt 0.2399 0.23730000000000007
vt 0.8693 0.0033999999999999586
vt 0.9245 0.0033999999999999586
vt 0.9245 0.01990000000000003
vt 0.8693 0.01990000000000003
vt 0.8693 0.0033999999999999586
vt 0.9245 0.0033999999999999586
vt 0.9245 0.01990000000000003
vt 0.8693 0.01990000000000003
vt 0.8693 0.0033999999999999586
vt 0.9245 0.0033999999999999586
vt 0.9245 0.01990000000000003
vt 0.8693 0.01990000000000003
vt 0.8693 0.0033999999999999586
vt 0.9245 0.0033999999999999586
vt 0.9245 0.01990000000000003
vt 0.8693 0.01990000000000003
vt 0.7576 0.0040000000000000036
vt 0.7576 0.020199999999999996
vt 0.6511 0.020199999999999996
vt 0.6511 0.0040000000000000036
vt 0.7576 0.0040000000000000036
vt 0.7576 0.020199999999999996
vt 0.6511 0.020199999999999996
vt 0.6511 0.0040000000000000036
vt 0.7576 0.0040000000000000036
vt 0.7576 0.020199999999999996
vt 0.6511 0.020199999999999996
vt 0.6511 0.0040000000000000036
vt 0.7576 0.0040000000000000036
vt 0.7576 0.020199999999999996
vt 0.6511 0.020199999999999996
vt 0.6511 0.0040000000000000036
vt 0.1658 0.17320000000000002
vt 0.2295 0.17320000000000002
vt 0.2295 0.237
vt 0.1658 0.237
vt 0.8693 0.0033999999999999586
vt 0.9245 0.0033999999999999586
vt 0.9245 0.01990000000000003
vt 0.8693 0.01990000000000003
vt 0.8693 0.0033999999999999586
vt 0.9245 0.0033999999999999586
vt 0.9245 0.01990000000000003
vt 0.8693 0.01990000000000003
vt 0.8693 0.0033999999999999586
vt 0.9245 0.0033999999999999586
vt 0.9245 0.01990000000000003
vt 0.8693 0.01990000000000003
vt 0.8693 0.0033999999999999586
vt 0.9245 0.0033999999999999586
vt 0.9245 0.01990000000000003
vt 0.8693 0.01990000000000003
vt 0.7576 0.0040000000000000036
vt 0.7576 0.020199999999999996
vt 0.6511 0.020199999999999996
vt 0.6511 0.0040000000000000036
vt 0.7576 0.0040000000000000036
vt 0.7576 0.020199999999999996
vt 0.6511 0.020199999999999996
vt 0.6511 0.0040000000000000036
vt 0.7576 0.0040000000000000036
vt 0.7576 0.020199999999999996
vt 0.6511 0.020199999999999996
vt 0.6511 0.0040000000000000036
vt 0.7576 0.0040000000000000036
vt 0.7576 0.020199999999999996
vt 0.6511 0.020199999999999996
vt 0.6511 0.0040000000000000036
vt 0.0918 0.1734
vt 0.1555 0.1734
vt 0.1555 0.23719999999999997
vt 0.0918 0.23719999999999997
vt 0.8693 0.0033999999999999586
vt 0.9245 0.0033999999999999586
vt 0.9245 0.01990000000000003
vt 0.8693 0.01990000000000003
vt 0.8693 0.0033999999999999586
vt 0.9245 0.0033999999999999586
vt 0.9245 0.01990000000000003
vt 0.8693 0.01990000000000003
vt 0.8693 0.0033999999999999586
vt 0.9245 0.0033999999999999586
vt 0.9245 0.01990000000000003
vt 0.8693 0.01990000000000003
vt 0.8693 0.0033999999999999586
vt 0.9245 0.0033999999999999586
vt 0.9245 0.01990000000000003
vt 0.8693 0.01990000000000003
vt 0.7576 0.0040000000000000036
vt 0.7576 0.020199999999999996
vt 0.6511 0.020199999999999996
vt 0.6511 0.0040000000000000036
vt 0.7576 0.0040000000000000036
vt 0.7576 0.020199999999999996
vt 0.6511 0.020199999999999996
vt 0.6511 0.0040000000000000036
vt 0.7576 0.0040000000000000036
vt 0.7576 0.020199999999999996
vt 0.6511 0.020199999999999996
vt 0.6511 0.0040000000000000036
vt 0.7576 0.0040000000000000036
vt 0.7576 0.020199999999999996
vt 0.6511 0.020199999999999996
vt 0.6511 0.0040000000000000036
vt 0.0078 0.1169
vt 0.0831 0.1169
vt 0.0831 0.19220000000000004
vt 0.0078 0.19220000000000004
vt 0.8031 0.0036000000000000476
vt 0.8684 0.0036000000000000476
vt 0.8684 0.020199999999999996
vt 0.8031 0.020199999999999996
vt 0.8031 0.0036000000000000476
vt 0.8684 0.0036000000000000476
vt 0.8684 0.020199999999999996
vt 0.8031 0.020199999999999996
vt 0.8031 0.0036000000000000476
vt 0.8684 0.0036000000000000476
vt 0.8684 0.020199999999999996
vt 0.8031 0.020199999999999996
vt 0.8031 0.0036000000000000476
vt 0.8684 0.0036000000000000476
vt 0.8684 0.020199999999999996
vt 0.8031 0.020199999999999996
vt 0.7438 0.0038000000000000256
vt 0.7438 0.020100000000000007
vt 0.6512 0.020100000000000007
vt 0.6512 0.0038000000000000256
vt 0.7438 0.0038000000000000256
vt 0.7438 0.020100000000000007
vt 0.6512 0.020100000000000007
vt 0.6512 0.0038000000000000256
vt 0.7438 0.0038000000000000256
vt 0.7438 0.020100000000000007
vt 0.6512 0.020100000000000007
vt 0.6512 0.0038000000000000256
vt 0.7438 0.0038000000000000256
vt 0.7438 0.020100000000000007
vt 0.6512 0.020100000000000007
vt 0.6512 0.0038000000000000256
vt 0.0999 0.09960000000000002
vt 0.1637 0.09960000000000002
vt 0.1637 0.1633
vt 0.0999 0.1633
vt 0.8693 0.0033999999999999586
vt 0.9245 0.0033999999999999586
vt 0.9245 0.01990000000000003
vt 0.8693 0.01990000000000003
vt 0.8693 0.0033999999999999586
vt 0.9245 0.0033999999999999586
vt 0.9245 0.01990000000000003
vt 0.8693 0.01990000000000003
vt 0.8693 0.0033999999999999586
vt 0.9245 0.0033999999999999586
vt 0.9245 0.01990000000000003
vt 0.8693 0.01990000000000003
vt 0.8693 0.0033999999999999586
vt 0.9245 0.0033999999999999586
vt 0.9245 0.01990000000000003
vt 0.8693 0.01990000000000003
vt 0.7438 0.0038000000000000256
vt 0.7438 0.020100000000000007
vt 0.6512 0.020100000000000007
vt 0.6512 0.0038000000000000256
vt 0.7438 0.0038000000000000256
vt 0.7438 0.020100000000000007
vt 0.6512 0.020100000000000007
vt 0.6512 0.0038000000000000256
vt 0.7438 0.0038000000000000256
vt 0.7438 0.020100000000000007
vt 0.6512 0.020100000000000007
vt 0.6512 0.0038000000000000256
vt 0.7438 0.0038000000000000256
vt 0.7438 0.020100000000000007
vt 0.6512 0.020100000000000007
vt 0.6512 0.0038000000000000256
vt 0.1735 0.09950000000000003
vt 0.2372 0.09950000000000003
vt 0.2372 0.1632
vt 0.1735 0.1632
vt 0.8693 0.0033999999999999586
vt 0.9245 0.0033999999999999586
vt 0.9245 0.01990000000000003
vt 0.8693 0.01990000000000003
vt 0.8693 0.0033999999999999586
vt 0.9245 0.0033999999999999586
vt 0.9245 0.01990000000000003
vt 0.8693 0.01990000000000003
vt 0.8693 0.0033999999999999586
vt 0.9245 0.0033999999999999586
vt 0.9245 0.01990000000000003
vt 0.8693 0.01990000000000003
vt 0.8693 0.0033999999999999586
vt 0.9245 0.0033999999999999586
vt 0.9245 0.01990000000000003
vt 0.8693 0.01990000000000003
vt 0.7438 0.0038000000000000256
vt 0.7438 0.020100000000000007
vt 0.6512 0.020100000000000007
vt 0.6512 0.0038000000000000256
vt 0.7438 0.0038000000000000256
vt 0.7438 0.020100000000000007
vt 0.6512 0.020100000000000007
vt 0.6512 0.0038000000000000256
vt 0.7438 0.0038000000000000256
vt 0.7438 0.020100000000000007
vt 0.6512 0.020100000000000007
vt 0.6512 0.0038000000000000256
vt 0.7438 0.0038000000000000256
vt 0.7438 0.020100000000000007
vt 0.6512 0.020100000000000007
vt 0.6512 0.0038000000000000256
vt 0.3225 0.09919999999999995
vt 0.3862 0.09919999999999995
vt 0.3862 0.16290000000000004
vt 0.3225 0.16290000000000004
vt 0.8693 0.0033999999999999586
vt 0.9245 0.0033999999999999586
vt 0.9245 0.01990000000000003
vt 0.8693 0.01990000000000003
vt 0.8693 0.0033999999999999586
vt 0.9245 0.0033999999999999586
vt 0.9245 0.01990000000000003
vt 0.8693 0.01990000000000003
vt 0.8693 0.0033999999999999586
vt 0.9245 0.0033999999999999586
vt 0.9245 0.01990000000000003
vt 0.8693 0.01990000000000003
vt 0.8693 0.0033999999999999586
vt 0.9245 0.0033999999999999586
vt 0.9245 0.01990000000000003
vt 0.8693 0.01990000000000003
vt 0.7724 0.0038000000000000256
vt 0.7724 0.020100000000000007
vt 0.6511 0.020100000000000007
vt 0.6511 0.0038000000000000256
vt 0.7724 0.0038000000000000256
vt 0.7724 0.020100000000000007
vt 0.6511 0.020100000000000007
vt 0.6511 0.0038000000000000256
vt 0.7724 0.0038000000000000256
vt 0.7724 0.020100000000000007
vt 0.6511 0.020100000000000007
vt 0.6511 0.0038000000000000256
vt 0.7724 0.0038000000000000256
vt 0.7724 0.020100000000000007
vt 0.6511 0.020100000000000007
vt 0.6511 0.0038000000000000256
vt 0.451 0.2439
vt 0.5147 0.2439
vt 0.5147 0.3076
vt 0.451 0.3076
vt 0.8693 0.0033999999999999586
vt 0.9245 0.0033999999999999586
vt 0.9245 0.01990000000000003
vt 0.8693 0.01990000000000003
vt 0.8693 0.0033999999999999586
vt 0.9245 0.0033999999999999586
vt 0.9245 0.01990000000000003
vt 0.8693 0.01990000000000003
vt 0.8693 0.0033999999999999586
vt 0.9245 0.0033999999999999586
vt 0.9245 0.01990000000000003
vt 0.8693 0.01990000000000003
vt 0.8693 0.0033999999999999586
vt 0.9245 0.0033999999999999586
vt 0.9245 0.01990000000000003
vt 0.8693 0.01990000000000003
vt 0.7576 0.0040000000000000036
vt 0.7576 0.020199999999999996
vt 0.6511 0.020199999999999996
vt 0.6511 0.0040000000000000036
vt 0.7576 0.0040000000000000036
vt 0.7576 0.020199999999999996
vt 0.6511 0.020199999999999996
vt 0.6511 0.0040000000000000036
vt 0.7576 0.0040000000000000036
vt 0.7576 0.020199999999999996
vt 0.6511 0.020199999999999996
vt 0.6511 0.0040000000000000036
vt 0.7576 0.0040000000000000036
vt 0.7576 0.020199999999999996
vt 0.6511 0.020199999999999996
vt 0.6511 0.0040000000000000036
vt 0.5408 0.1735
vt 0.6045 0.1735
vt 0.6045 0.23730000000000007
vt 0.5408 0.23730000000000007
vt 0.8693 0.0033999999999999586
vt 0.9245 0.0033999999999999586
vt 0.9245 0.01990000000000003
vt 0.8693 0.01990000000000003
vt 0.8693 0.0033999999999999586
vt 0.9245 0.0033999999999999586
vt 0.9245 0.01990000000000003
vt 0.8693 0.01990000000000003
vt 0.8693 0.0033999999999999586
vt 0.9245 0.0033999999999999586
vt 0.9245 0.01990000000000003
vt 0.8693 0.01990000000000003
vt 0.8693 0.0033999999999999586
vt 0.9245 0.0033999999999999586
vt 0.9245 0.01990000000000003
vt 0.8693 0.01990000000000003
vt 0.7576 0.0040000000000000036
vt 0.7576 0.020199999999999996
vt 0.6511 0.020199999999999996
vt 0.6511 0.0040000000000000036
vt 0.7576 0.0040000000000000036
vt 0.7576 0.020199999999999996
vt 0.6511 0.020199999999999996
vt 0.6511 0.0040000000000000036
vt 0.7576 0.0040000000000000036
vt 0.7576 0.020199999999999996
vt 0.6511 0.020199999999999996
vt 0.6511 0.0040000000000000036
vt 0.7576 0.0040000000000000036
vt 0.7576 0.020199999999999996
vt 0.6511 0.020199999999999996
vt 0.6511 0.0040000000000000036
vt 0.6151 0.17000000000000004
vt 0.6789 0.17000000000000004
vt 0.6789 0.23370000000000002
vt 0.6151 0.23370000000000002
vt 0.8691 0.0034999999999999476
vt 0.9243 0.0034999999999999476
vt 0.9243 0.020000000000000018
vt 0.8691 0.020000000000000018
vt 0.8693 0.0033999999999999586
vt 0.9245 0.0033999999999999586
vt 0.9245 0.01990000000000003
vt 0.8693 0.01990000000000003
vt 0.8693 0.0033999999999999586
vt 0.9245 0.0033999999999999586
vt 0.9245 0.01990000000000003
vt 0.8693 0.01990000000000003
vt 0.8693 0.0033999999999999586
vt 0.9245 0.0033999999999999586
vt 0.9245 0.01990000000000003
vt 0.8693 0.01990000000000003
vt 0.7576 0.0040000000000000036
vt 0.7576 0.020199999999999996
vt 0.6511 0.020199999999999996
vt 0.6511 0.0040000000000000036
vt 0.7576 0.0040000000000000036
vt 0.7576 0.020199999999999996
vt 0.6511 0.020199999999999996
vt 0.6511 0.0040000000000000036
vt 0.7576 0.0040000000000000036
vt 0.7576 0.020199999999999996
vt 0.6511 0.020199999999999996
vt 0.6511 0.0040000000000000036
vt 0.7576 0.0040000000000000036
vt 0.7576 0.020199999999999996
vt 0.6511 0.020199999999999996
vt 0.6511 0.0040000000000000036
vt 0.6891 0.16949999999999998
vt 0.7529 0.16949999999999998
vt 0.7529 0.23319999999999996
vt 0.6891 0.23319999999999996
vt 0.8693 0.0033999999999999586
vt 0.9245 0.0033999999999999586
vt 0.9245 0.01990000000000003
vt 0.8693 0.01990000000000003
vt 0.8693 0.0033999999999999586
vt 0.9245 0.0033999999999999586
vt 0.9245 0.01990000000000003
vt 0.8693 0.01990000000000003
vt 0.8693 0.0033999999999999586
vt 0.9245 0.0033999999999999586
vt 0.9245 0.01990000000000003
vt 0.8693 0.01990000000000003
vt 0.8693 0.0033999999999999586
vt 0.9245 0.0033999999999999586
vt 0.9245 0.01990000000000003
vt 0.8693 0.01990000000000003
vt 0.7576 0.0040000000000000036
vt 0.7576 0.020199999999999996
vt 0.6511 0.020199999999999996
vt 0.6511 0.0040000000000000036
vt 0.7576 0.0040000000000000036
vt 0.7576 0.020199999999999996
vt 0.6511 0.020199999999999996
vt 0.6511 0.0040000000000000036
vt 0.7576 0.0040000000000000036
vt 0.7576 0.020199999999999996
vt 0.6511 0.020199999999999996
vt 0.6511 0.0040000000000000036
vt 0.7576 0.0040000000000000036
vt 0.7576 0.020199999999999996
vt 0.6511 0.020199999999999996
vt 0.6511 0.0040000000000000036
vt 0.7635 0.17000000000000004
vt 0.8273 0.17000000000000004
vt 0.8273 0.2338
vt 0.7635 0.2338
vt 0.8693 0.0033999999999999586
vt 0.9245 0.0033999999999999586
vt 0.9245 0.01990000000000003
vt 0.8693 0.01990000000000003
vt 0.8693 0.0033999999999999586
vt 0.9245 0.0033999999999999586
vt 0.9245 0.01990000000000003
vt 0.8693 0.01990000000000003
vt 0.8693 0.0033999999999999586
vt 0.9245 0.0033999999999999586
vt 0.9245 0.01990000000000003
vt 0.8693 0.01990000000000003
vt 0.8693 0.0033999999999999586
vt 0.9245 0.0033999999999999586
vt 0.9245 0.01990000000000003
vt 0.8693 0.01990000000000003
vt 0.7576 0.0040000000000000036
vt 0.7576 0.020199999999999996
vt 0.6511 0.020199999999999996
vt 0.6511 0.0040000000000000036
vt 0.7576 0.0040000000000000036
vt 0.7576 0.020199999999999996
vt 0.6511 0.020199999999999996
vt 0.6511 0.0040000000000000036
vt 0.7576 0.0040000000000000036
vt 0.7576 0.020199999999999996
vt 0.6511 0.020199999999999996
vt 0.6511 0.0040000000000000036
vt 0.7576 0.0040000000000000036
vt 0.7576 0.020199999999999996
vt 0.6511 0.020199999999999996
vt 0.6511 0.0040000000000000036
vt 0.8377 0.17010000000000003
vt 0.9014 0.17010000000000003
vt 0.9014 0.2338
vt 0.8377 0.2338
vt 0.8693 0.0033999999999999586
vt 0.9245 0.0033999999999999586
vt 0.9245 0.01990000000000003
vt 0.8693 0.01990000000000003
vt 0.8693 0.0033999999999999586
vt 0.9245 0.0033999999999999586
vt 0.9245 0.01990000000000003
vt 0.8693 0.01990000000000003
vt 0.8693 0.0033999999999999586
vt 0.9245 0.0033999999999999586
vt 0.9245 0.01990000000000003
vt 0.8693 0.01990000000000003
vt 0.8693 0.0033999999999999586
vt 0.9245 0.0033999999999999586
vt 0.9245 0.01990000000000003
vt 0.8693 0.01990000000000003
vt 0.7438 0.0038000000000000256
vt 0.7438 0.020100000000000007
vt 0.6512 0.020100000000000007
vt 0.6512 0.0038000000000000256
vt 0.7438 0.0038000000000000256
vt 0.7438 0.020100000000000007
vt 0.6512 0.020100000000000007
vt 0.6512 0.0038000000000000256
vt 0.7438 0.0038000000000000256
vt 0.7438 0.020100000000000007
vt 0.6512 0.020100000000000007
vt 0.6512 0.0038000000000000256
vt 0.7438 0.0038000000000000256
vt 0.7438 0.020100000000000007
vt 0.6512 0.020100000000000007
vt 0.6512 0.0038000000000000256
vt 0.7708 0.09950000000000003
vt 0.8345 0.09950000000000003
vt 0.8345 0.1633
vt 0.7708 0.1633
vt 0.8693 0.0033999999999999586
vt 0.9245 0.0033999999999999586
vt 0.9245 0.01990000000000003
vt 0.8693 0.01990000000000003
vt 0.8693 0.0033999999999999586
vt 0.9245 0.0033999999999999586
vt 0.9245 0.01990000000000003
vt 0.8693 0.01990000000000003
vt 0.8693 0.0033999999999999586
vt 0.9245 0.0033999999999999586
vt 0.9245 0.01990000000000003
vt 0.8693 0.01990000000000003
vt 0.8693 0.0033999999999999586
vt 0.9245 0.0033999999999999586
vt 0.9245 0.01990000000000003
vt 0.8693 0.01990000000000003
vt 0.7438 0.0038000000000000256
vt 0.7438 0.020100000000000007
vt 0.6512 0.020100000000000007
vt 0.6512 0.0038000000000000256
vt 0.7438 0.0038000000000000256
vt 0.7438 0.020100000000000007
vt 0.6512 0.020100000000000007
vt 0.6512 0.0038000000000000256
vt 0.7438 0.0038000000000000256
vt 0.7438 0.020100000000000007
vt 0.6512 0.020100000000000007
vt 0.6512 0.0038000000000000256
vt 0.7438 0.0038000000000000256
vt 0.7438 0.020100000000000007
vt 0.6512 0.020100000000000007
vt 0.6512 0.0038000000000000256
vt 0.9159 0.02510000000000001
vt 0.9982 0.02510000000000001
vt 0.9982 0.10729999999999995
vt 0.9159 0.10729999999999995
vt 0.9249 0.0033999999999999586
vt 0.9962 0.0033999999999999586
vt 0.9962 0.020000000000000018
vt 0.9249 0.020000000000000018
vt 0.9249 0.0033999999999999586
vt 0.9962 0.0033999999999999586
vt 0.9962 0.020000000000000018
vt 0.9249 0.020000000000000018
vt 0.9249 0.0033999999999999586
vt 0.9962 0.0033999999999999586
vt 0.9962 0.020000000000000018
vt 0.9249 0.020000000000000018
vt 0.9249 0.0033999999999999586
vt 0.9962 0.0033999999999999586
vt 0.9962 0.020000000000000018
vt 0.9249 0.020000000000000018
vt 0.7438 0.0038000000000000256
vt 0.7438 0.020100000000000007
vt 0.6512 0.020100000000000007
vt 0.6512 0.0038000000000000256
vt 0.7438 0.0038000000000000256
vt 0.7438 0.020100000000000007
vt 0.6512 0.020100000000000007
vt 0.6512 0.0038000000000000256
vt 0.7438 0.0038000000000000256
vt 0.7438 0.020100000000000007
vt 0.6512 0.020100000000000007
vt 0.6512 0.0038000000000000256
vt 0.7438 0.0038000000000000256
vt 0.7438 0.020100000000000007
vt 0.6512 0.020100000000000007
vt 0.6512 0.0038000000000000256
vt 0.6931 0.09909999999999997
vt 0.7568 0.09909999999999997
vt 0.7568 0.16280000000000006
vt 0.6931 0.16280000000000006
vt 0.8693 0.0033999999999999586
vt 0.9245 0.0033999999999999586
vt 0.9245 0.01990000000000003
vt 0.8693 0.01990000000000003
vt 0.8693 0.0033999999999999586
vt 0.9245 0.0033999999999999586
vt 0.9245 0.01990000000000003
vt 0.8693 0.01990000000000003
vt 0.8693 0.0033999999999999586
vt 0.9245 0.0033999999999999586
vt 0.9245 0.01990000000000003
vt 0.8693 0.01990000000000003
vt 0.8693 0.0033999999999999586
vt 0.9245 0.0033999999999999586
vt 0.9245 0.01990000000000003
vt 0.8693 0.01990000000000003
vt 0.7438 0.0038000000000000256
vt 0.7438 0.020100000000000007
vt 0.6512 0.020100000000000007
vt 0.6512 0.0038000000000000256
vt 0.7438 0.0038000000000000256
vt 0.7438 0.020100000000000007
vt 0.6512 0.020100000000000007
vt 0.6512 0.0038000000000000256
vt 0.7438 0.0038000000000000256
vt 0.7438 0.020100000000000007
vt 0.6512 0.020100000000000007
vt 0.6512 0.0038000000000000256
vt 0.7438 0.0038000000000000256
vt 0.7438 0.020100000000000007
vt 0.6512 0.020100000000000007
vt 0.6512 0.0038000000000000256
vt 0.6189 0.09909999999999997
vt 0.6827 0.09909999999999997
vt 0.6827 0.16280000000000006
vt 0.6189 0.16280000000000006
vt 0.8693 0.0033999999999999586
vt 0.9245 0.0033999999999999586
vt 0.9245 0.01990000000000003
vt 0.8693 0.01990000000000003
vt 0.8693 0.0033999999999999586
vt 0.9245 0.0033999999999999586
vt 0.9245 0.01990000000000003
vt 0.8693 0.01990000000000003
vt 0.8693 0.0033999999999999586
vt 0.9245 0.0033999999999999586
vt 0.9245 0.01990000000000003
vt 0.8693 0.01990000000000003
vt 0.8693 0.0033999999999999586
vt 0.9245 0.0033999999999999586
vt 0.9245 0.01990000000000003
vt 0.8693 0.01990000000000003
vt 0.7438 0.0038000000000000256
vt 0.7438 0.020100000000000007
vt 0.6512 0.020100000000000007
vt 0.6512 0.0038000000000000256
vt 0.7438 0.0038000000000000256
vt 0.7438 0.020100000000000007
vt 0.6512 0.020100000000000007
vt 0.6512 0.0038000000000000256
vt 0.7438 0.0038000000000000256
vt 0.7438 0.020100000000000007
vt 0.6512 0.020100000000000007
vt 0.6512 0.0038000000000000256
vt 0.7438 0.0038000000000000256
vt 0.7438 0.020100000000000007
vt 0.6512 0.020100000000000007
vt 0.6512 0.0038000000000000256
vt 0.5441 0.09899999999999998
vt 0.6079 0.09899999999999998
vt 0.6079 0.16280000000000006
vt 0.5441 0.16280000000000006
vt 0.8693 0.0033999999999999586
vt 0.9245 0.0033999999999999586
vt 0.9245 0.01990000000000003
vt 0.8693 0.01990000000000003
vt 0.8693 0.0033999999999999586
vt 0.9245 0.0033999999999999586
vt 0.9245 0.01990000000000003
vt 0.8693 0.01990000000000003
vt 0.8693 0.0033999999999999586
vt 0.9245 0.0033999999999999586
vt 0.9245 0.01990000000000003
vt 0.8693 0.01990000000000003
vt 0.8693 0.0033999999999999586
vt 0.9245 0.0033999999999999586
vt 0.9245 0.01990000000000003
vt 0.8693 0.01990000000000003
vt 0.7438 0.0038000000000000256
vt 0.7438 0.020100000000000007
vt 0.6512 0.020100000000000007
vt 0.6512 0.0038000000000000256
vt 0.7438 0.0038000000000000256
vt 0.7438 0.020100000000000007
vt 0.6512 0.020100000000000007
vt 0.6512 0.0038000000000000256
vt 0.7438 0.0038000000000000256
vt 0.7438 0.020100000000000007
vt 0.6512 0.020100000000000007
vt 0.6512 0.0038000000000000256
vt 0.7438 0.0038000000000000256
vt 0.7438 0.020100000000000007
vt 0.6512 0.020100000000000007
vt 0.6512 0.0038000000000000256
vt 0.4708 0.09909999999999997
vt 0.5346 0.09909999999999997
vt 0.5346 0.16280000000000006
vt 0.4708 0.16280000000000006
vt 0.8693 0.0033999999999999586
vt 0.9245 0.0033999999999999586
vt 0.9245 0.01990000000000003
vt 0.8693 0.01990000000000003
vt 0.8693 0.0033999999999999586
vt 0.9245 0.0033999999999999586
vt 0.9245 0.01990000000000003
vt 0.8693 0.01990000000000003
vt 0.8693 0.0033999999999999586
vt 0.9245 0.0033999999999999586
vt 0.9245 0.01990000000000003
vt 0.8693 0.01990000000000003
vt 0.8693 0.0033999999999999586
vt 0.9245 0.0033999999999999586
vt 0.9245 0.01990000000000003
vt 0.8693 0.01990000000000003
vt 0.7438 0.0038000000000000256
vt 0.7438 0.020100000000000007
vt 0.6512 0.020100000000000007
vt 0.6512 0.0038000000000000256
vt 0.7438 0.0038000000000000256
vt 0.7438 0.020100000000000007
vt 0.6512 0.020100000000000007
vt 0.6512 0.0038000000000000256
vt 0.7438 0.0038000000000000256
vt 0.7438 0.020100000000000007
vt 0.6512 0.020100000000000007
vt 0.6512 0.0038000000000000256
vt 0.7438 0.0038000000000000256
vt 0.7438 0.020100000000000007
vt 0.6512 0.020100000000000007
vt 0.6512 0.0038000000000000256
vt 0.3962 0.09929999999999994
vt 0.4599 0.09929999999999994
vt 0.4599 0.16300000000000003
vt 0.3962 0.16300000000000003
vt 0.8693 0.0033999999999999586
vt 0.9245 0.0033999999999999586
vt 0.9245 0.01990000000000003
vt 0.8693 0.01990000000000003
vt 0.8693 0.0033999999999999586
vt 0.9245 0.0033999999999999586
vt 0.9245 0.01990000000000003
vt 0.8693 0.01990000000000003
vt 0.8693 0.0033999999999999586
vt 0.9245 0.0033999999999999586
vt 0.9245 0.01990000000000003
vt 0.8693 0.01990000000000003
vt 0.8693 0.0033999999999999586
vt 0.9245 0.0033999999999999586
vt 0.9245 0.01990000000000003
vt 0.8693 0.01990000000000003
vn 0 -1 0
vn 0 -1 0
vn 0 -1 0
vn 0 -1 0
vn 0 -1 0
vn 0 -1 0
vn 0 -1 0
vn 0 -1 0
vn 0 -1 0
vn 0 -1 0
vn 0 -1 0
vn 0 -1 0
vn 0 1 0
vn 0 1 0
vn 0 1 0
vn 0 0.9713856972632524 -0.23750753072773292
vn 0 0.9705996804978813 -0.24069952267798783
vn 0 0.9713856972632524 -0.23750753072773292
vn 0.0008669786392674173 0.999997477164938 -0.0020721997487316425
vn 0 0.9944753017237505 0.10497082576342537
vn -0.0008667580656746275 0.9997430613969661 -0.022650826013140526
vn 0.09550415945854407 0.909202519048411 0.40525268028989186
vn 0 0.9133775395732973 0.4071135839087537
vn -0.07127090719073088 0.9425406046945864 0.3264010819378111
vn 0 0 -1
vn 0 0 -1
vn 0 0 -1
vn -1 0 0
vn -1 0 0
vn -1 0 0
vn -1 0 0
vn 0 0 1
vn 0 0 1
vn 0 0 1
vn 1 0 0
vn 1 0 0
vn 1 0 0
vn 1 0 0
vn 0 0 -1
vn 0 0 -1
vn 0 0 -1
vn -1 0 0
vn -1 0 0
vn -1 0 0
vn -1 0 0
vn 0 0 1
vn 0 0 1
vn 0 0 1
vn 1 0 0
vn 1 0 0
vn 1 0 0
vn 1 0 0
vn 0 0 1
vn -1 0 0
vn 0 0 -1
vn 1 0 0
vn 0 0 -1
vn 0 0 -1
vn 0 0 -1
vn -1 0 0
vn -1 0 0
vn 0 0 1
vn 0 0 1
vn 0 0 1
vn 1 0 0
vn 1 0 0
vn -0.796830402355404 0.6008649974917923 0.06342369171936751
vn 0 0.40628637676271573 -0.9137457961911644
vn 0.6519013928453141 0.7541143484433357 0.07959977059152114
vn 0 0 -1
vn -1 0 0
vn -1 0 0
vn 0 0 1
vn 0 0 1
vn 0 0 1
vn 1 0 0
vn 1 0 0
vn 0 0 -1
vn 0 0 -1
vn -1 0 0
vn 0 0 1
vn 1 0 0
vn 0 0 -1
vn -1 0 0
vn 0 0 1
vn 1 0 0
vn 0 1 0
vn 0 0 -1
vn -1 0 0
vn 0 0 1
vn 1 0 0
vn 0 0 -1
vn -1 0 0
vn 0 0 1
vn 1 0 0
vn 0 1 0
vn 0 0 -1
vn -1 0 0
vn 0 0 1
vn 1 0 0
vn 0 0 -1
vn -1 0 0
vn 0 0 1
vn 1 0 0
vn 0 1 0
vn 0 0 -1
vn -1 0 0
vn 0 0 1
vn 1 0 0
vn 0 0 -1
vn -1 0 0
vn 0 0 1
vn 1 0 0
vn 0 1 0
vn 0 0 -1
vn -1 0 0
vn 0 0 1
vn 1 0 0
vn 0 0 -1
vn -1 0 0
vn 0 0 1
vn 1 0 0
vn 0 1 0
vn 0 0 -1
vn -1 0 0
vn 0 0 1
vn 1 0 0
vn 0 0 -1
vn -1 0 0
vn 0 0 1
vn 1 0 0
vn 0 1 0
vn 0 0 -1
vn -1 0 0
vn 0 0 1
vn 1 0 0
vn 0 0 -1
vn -1 0 0
vn 0 0 1
vn 1 0 0
vn 0 1 0
vn 0 0 -1
vn -1 0 0
vn 0 0 1
vn 1 0 0
vn 0 0 -1
vn -1 0 0
vn 0 0 1
vn 1 0 0
vn 0 1 0
vn 0 0 -1
vn -1 0 0
vn 0 0 1
vn 1 0 0
vn 0 0 -1
vn -1 0 0
vn 0 0 1
vn 1 0 0
vn 0 1 0
vn 0 0 -1
vn -1 0 0
vn 0 0 1
vn 1 0 0
vn 0 0 -1
vn -1 0 0
vn 0 0 1
vn 1 0 0
vn 0 1 0
vn 0 0 -1
vn -1 0 0
vn 0 0 1
vn 1 0 0
vn 0 0 -1
vn -1 0 0
vn 0 0 1
vn 1 0 0
vn 0 1 0
vn 0 0 -1
vn -1 0 0
vn 0 0 1
vn 1 0 0
vn 0 0 -1
vn -1 0 0
vn 0 0 1
vn 1 0 0
vn 0 1 0
vn 0 0 -1
vn -1 0 0
vn 0 0 1
vn 1 0 0
vn 0 0 -1
vn -1 0 0
vn 0 0 1
vn 1 0 0
vn 0 1 0
vn 0 0 -1
vn -1 0 0
vn 0 0 1
vn 1 0 0
vn 0 0 -1
vn -1 0 0
vn 0 0 1
vn 1 0 0
vn 0 1 0
vn 0 0 -1
vn -1 0 0
vn 0 0 1
vn 1 0 0
vn 0 0 -1
vn -1 0 0
vn 0 0 1
vn 1 0 0
vn 0 1 0
vn 0 0 -1
vn -1 0 0
vn 0 0 1
vn 1 0 0
vn 0 0 -1
vn -1 0 0
vn 0 0 1
vn 1 0 0
vn 0 1 0
vn 0 0 -1
vn -1 0 0
vn 0 0 1
vn 1 0 0
vn 0 0 -1
vn -1 0 0
vn 0 0 1
vn 1 0 0
vn 0 1 0
vn 0 0 -1
vn -1 0 0
vn 0 0 1
vn 1 0 0
vn 0 0 -1
vn -1 0 0
vn 0 0 1
vn 1 0 0
vn 0 1 0
vn 0 0 -1
vn -1 0 0
vn 0 0 1
vn 1 0 0
vn 0 0 -1
vn -1 0 0
vn 0 0 1
vn 1 0 0
vn 0 1 0
vn 0 0 -1
vn -1 0 0
vn 0 0 1
vn 1 0 0
vn 0 0 -1
vn -1 0 0
vn 0 0 1
vn 1 0 0
vn 0 1 0
vn 0 0 -1
vn -1 0 0
vn 0 0 1
vn 1 0 0
vn 0 0 -1
vn -1 0 0
vn 0 0 1
vn 1 0 0
vn 0 1 0
vn 0 0 -1
vn -1 0 0
vn 0 0 1
vn 1 0 0
vn 0 0 -1
vn -1 0 0
vn 0 0 1
vn 1 0 0
vn 0 1 0
vn 0 0 -1
vn -1 0 0
vn 0 0 1
vn 1 0 0
vn 0 0 -1
vn -1 0 0
vn 0 0 1
vn 1 0 0
vn 0 1 0
vn 0 0 -1
vn -1 0 0
vn 0 0 1
vn 1 0 0
vn 0 0 -1
vn -1 0 0
vn 0 0 1
vn 1 0 0
vn 0 1 0
vn 0 0 -1
vn -1 0 0
vn 0 0 1
vn 1 0 0
vn 0 0 -1
vn -1 0 0
vn 0 0 1
vn 1 0 0
vn 0 1 0
vn 0 0 -1
vn -1 0 0
vn 0 0 1
vn 1 0 0
vn 0 0 -1
vn -1 0 0
vn 0 0 1
vn 1 0 0
vn 0 1 0
vn 0 0 -1
vn -1 0 0
vn 0 0 1
vn 1 0 0
vn 0 0 -1
vn -1 0 0
vn 0 0 1
vn 1 0 0
vn 0 1 0
vn 0 0 -1
vn -1 0 0
vn 0 0 1
vn 1 0 0
vn 0 0 -1
vn -1 0 0
vn 0 0 1
vn 1 0 0
vn 0 1 0
vn 0 0 -1
vn -1 0 0
vn 0 0 1
vn 1 0 0
vn 0 0 -1
vn -1 0 0
vn 0 0 1
vn 1 0 0
vn 0 1 0
vn 0 0 -1
vn -1 0 0
vn 0 0 1
vn 1 0 0
vn 0 0 -1
vn -1 0 0
vn 0 0 1
vn 1 0 0
vn 0 1 0
vn 0 0 -1
vn -1 0 0
vn 0 0 1
vn 1 0 0
vn 0 0 -1
vn -1 0 0
vn 0 0 1
vn 1 0 0
vn 0 1 0
vn 0 0 -1
vn -1 0 0
vn 0 0 1
vn 1 0 0
vn 0 0 -1
vn -1 0 0
vn 0 0 1
vn 1 0 0
vn 0 1 0
vn 0 0 -1
vn -1 0 0
vn 0 0 1
vn 1 0 0
vn 0 0 -1
vn -1 0 0
vn 0 0 1
vn 1 0 0
vn 0 1 0
vn 0 0 -1
vn -1 0 0
vn 0 0 1
vn 1 0 0
vn 0 0 -1
vn -1 0 0
vn 0 0 1
vn 1 0 0
vn 0 1 0
vn 0 0 -1
vn -1 0 0
vn 0 0 1
vn 1 0 0
vn 0 0 -1
vn -1 0 0
vn 0 0 1
vn 1 0 0
vn 0 1 0
vn 0 0 -1
vn -1 0 0
vn 0 0 1
vn 1 0 0
vn 0 0 -1
vn -1 0 0
vn 0 0 1
vn 1 0 0
vn 0 1 0
vn 0 0 -1
vn -1 0 0
vn 0 0 1
vn 1 0 0
vn 0 0 -1
vn -1 0 0
vn 0 0 1
vn 1 0 0
vn 0 1 0
vn 0 0 -1
vn -1 0 0
vn 0 0 1
vn 1 0 0
vn 0 0 -1
vn -1 0 0
vn 0 0 1
vn 1 0 0
vn 0 1 0
vn 0 0 -1
vn -1 0 0
vn 0 0 1
vn 1 0 0
vn 0 0 -1
vn -1 0 0
vn 0 0 1
vn 1 0 0
vn 0 1 0
vn 0 0 -1
vn -1 0 0
vn 0 0 1
vn 1 0 0
vn 0 0 -1
vn -1 0 0
vn 0 0 1
vn 1 0 0
vn 0 1 0
vn 0 0 -1
vn -1 0 0
vn 0 0 1
vn 1 0 0
vn 0 0 -1
vn -1 0 0
vn 0 0 1
vn 1 0 0
vn 0 1 0
vn 0 0 -1
vn -1 0 0
vn 0 0 1
vn 1 0 0
vn 0 0 -1
vn -1 0 0
vn 0 0 1
vn 1 0 0
vn 0 1 0
vn 0 0 -1
vn -1 0 0
vn 0 0 1
vn 1 0 0
vn 0 0 -1
vn -1 0 0
vn 0 0 1
vn 1 0 0
vn 0 1 0
vn 0 0 -1
vn -1 0 0
vn 0 0 1
vn 1 0 0
vn 0 0 -1
vn -1 0 0
vn 0 0 1
vn 1 0 0
vn 0 1 0
vn 0 0 -1
vn -1 0 0
vn 0 0 1
vn 1 0 0
vn 0 0 -1
vn -1 0 0
vn 0 0 1
vn 1 0 0
vn 0 1 0
vn 0 0 -1
vn -1 0 0
vn 0 0 1
vn 1 0 0
vn 0 0 -1
vn -1 0 0
vn 0 0 1
vn 1 0 0
vn 0 1 0
vn 0 0 -1
vn -1 0 0
vn 0 0 1
vn 1 0 0
vn 0 0 -1
vn -1 0 0
vn 0 0 1
vn 1 0 0
vn 0 1 0
vn 0 0 -1
vn -1 0 0
vn 0 0 1
vn 1 0 0
vn 0 0 -1
vn -1 0 0
vn 0 0 1
vn 1 0 0
vn 0 1 0
vn 0 0 -1
vn -1 0 0
vn 0 0 1
vn 1 0 0
usemtl typewriter
f 193/721/181 194/722/181 195/723/181 196/724/181
f 196/725/182 195/726/182 197/727/182 198/728/182
f 198/729/183 197/730/183 199/731/183 200/732/183
f 194/733/184 201/734/184 202/735/184 195/736/184
f 195/737/185 202/738/185 203/739/185 197/740/185
f 197/741/186 203/742/186 204/743/186 199/744/186
f 201/745/187 205/746/187 206/747/187 202/748/187
f 202/749/188 206/750/188 207/751/188 203/752/188
f 203/753/189 207/754/189 208/755/189 204/756/189
f 205/757/190 209/758/190 210/759/190 206/760/190
f 206/761/191 210/762/191 211/763/191 207/764/191
f 207/765/192 211/766/192 212/767/192 208/768/192
f 213/769/193 214/770/193 215/771/193 216/772/193
f 214/773/194 217/774/194 218/775/194 215/776/194
f 217/777/195 219/778/195 220/779/195 218/780/195
f 216/781/196 215/782/196 221/783/196 222/784/196
f 223/785/197 224/786/197 225/787/197 226/788/197
f 218/789/198 220/790/198 227/791/198 228/792/198
f 229/793/199 230/794/199 231/795/199 232/796/199
f 233/797/200 234/798/200 235/799/200 236/800/200
f 237/801/201 238/802/201 239/803/201 240/804/201
f 232/805/202 231/806/202 241/807/202 242/808/202
f 231/809/203 240/810/203 243/811/203 241/812/203
f 240/813/204 239/814/204 244/815/204 243/816/204
f 193/817/205 196/818/205 245/819/205 246/820/205
f 196/821/206 198/822/206 247/823/206 245/824/206
f 198/825/207 200/826/207 248/827/207 247/828/207
f 200/829/208 199/830/208 249/831/208 248/832/208
f 199/833/209 204/834/209 250/835/209 249/836/209
f 204/837/210 208/838/210 251/839/210 250/840/210
f 208/841/211 212/842/211 252/843/211 251/844/211
f 212/845/212 211/846/212 253/847/212 252/848/212
f 211/849/213 210/850/213 254/851/213 253/852/213
f 210/853/214 209/854/214 255/855/214 254/856/214
f 209/857/215 205/858/215 256/859/215 255/860/215
f 205/861/216 201/862/216 257/863/216 256/864/216
f 201/865/217 194/866/217 258/867/217 257/868/217
f 194/869/218 193/870/218 246/871/218 258/872/218
f 246/873/219 245/874/219 214/875/219 213/876/219
f 245/877/220 247/878/220 217/879/220 214/880/220
f 247/881/221 248/882/221 219/883/221 217/884/221
f 248/885/222 249/886/222 220/887/222 219/888/222
f 249/889/223 250/890/223 227/891/223 220/892/223
f 250/893/224 251/894/224 259/895/224 227/896/224
f 251/897/225 252/898/225 260/899/225 259/900/225
f 252/901/226 253/902/226 261/903/226 260/904/226
f 253/905/227 254/906/227 262/907/227 261/908/227
f 254/909/228 255/910/228 263/911/228 262/912/228
f 255/913/229 256/914/229 264/915/229 263/916/229
f 256/917/230 257/918/230 222/919/230 264/920/230
f 257/921/231 258/922/231 216/923/231 222/924/231
f 258/925/232 246/926/232 213/927/232 216/928/232
f 224/929/233 223/930/233 215/931/233 218/932/233
f 223/933/234 226/934/234 221/935/234 215/936/234
f 226/937/235 225/938/235 228/939/235 221/940/235
f 225/941/236 224/942/236 218/943/236 228/944/236
f 222/945/237 221/946/237 233/947/237 265/948/237
f 221/949/238 228/950/238 234/951/238 233/952/238
f 228/953/239 227/954/239 266/955/239 234/956/239
f 227/957/240 259/958/240 267/959/240 266/960/240
f 259/961/241 260/962/241 268/963/241 267/964/241
f 260/965/242 261/966/242 269/967/242 268/968/242
f 261/969/243 262/970/243 270/971/243 269/972/243
f 262/973/244 263/974/244 271/975/244 270/976/244
f 263/977/245 264/978/245 272/979/245 271/980/245
f 264/981/246 222/982/246 265/983/246 272/984/246
f 233/985/247 236/986/247 231/987/247 230/988/247
f 236/989/248 235/990/248 240/991/248 231/992/248
f 235/993/249 234/994/249 237/995/249 240/996/249
f 234/997/250 266/998/250 238/999/250 237/1000/250
f 266/1001/251 267/1002/251 239/1003/251 238/1004/251
f 267/1005/252 268/1006/252 244/1007/252 239/1008/252
f 268/1009/253 269/1010/253 243/1011/253 244/1012/253
f 269/1013/254 270/1014/254 241/1015/254 243/1016/254
f 270/1017/255 271/1018/255 242/1019/255 241/1020/255
f 271/1021/256 272/1022/256 232/1023/256 242/1024/256
f 272/1025/257 265/1026/257 229/1027/257 232/1028/257
f 265/1029/258 233/1030/258 230/1031/258 229/1032/258
f 273/1033/259 274/1034/259 275/1035/259 276/1036/259
f 274/1037/260 277/1038/260 278/1039/260 275/1040/260
f 277/1041/261 279/1042/261 280/1043/261 278/1044/261
f 279/1045/262 273/1046/262 276/1047/262 280/1048/262
f 281/1049/263 282/1050/263 283/1051/263 284/1052/263
f 282/1053/264 285/1054/264 286/1055/264 283/1056/264
f 285/1057/265 287/1058/265 288/1059/265 286/1060/265
f 287/1061/266 281/1062/266 284/1063/266 288/1064/266
f 289/1065/267 290/1066/267 291/1067/267 292/1068/267
f 293/1069/268 294/1070/268 290/1071/268 289/1072/268
f 294/1073/269 295/1074/269 291/1075/269 290/1076/269
f 295/1077/270 296/1078/270 292/1079/270 291/1080/270
f 296/1081/271 293/1082/271 289/1083/271 292/1084/271
f 297/1085/272 298/1086/272 299/1087/272 300/1088/272
f 298/1089/273 301/1090/273 302/1091/273 299/1092/273
f 301/1093/274 303/1094/274 304/1095/274 302/1096/274
f 303/1097/275 297/1098/275 300/1099/275 304/1100/275
f 305/1101/276 306/1102/276 307/1103/276 308/1104/276
f 309/1105/277 310/1106/277 306/1107/277 305/1108/277
f 310/1109/278 311/1110/278 307/1111/278 306/1112/278
f 311/1113/279 312/1114/279 308/1115/279 307/1116/279
f 312/1117/280 309/1118/280 305/1119/280 308/1120/280
f 313/1121/281 314/1122/281 315/1123/281 316/1124/281
f 314/1125/282 317/1126/282 318/1127/282 315/1128/282
f 317/1129/283 319/1130/283 320/1131/283 318/1132/283
f 319/1133/284 313/1134/284 316/1135/284 320/1136/284
f 321/1137/285 322/1138/285 323/1139/285 324/1140/285
f 325/1141/286 326/1142/286 322/1143/286 321/1144/286
f 326/1145/287 327/1146/287 323/1147/287 322/1148/287
f 327/1149/288 328/1150/288 324/1151/288 323/1152/288
f 328/1153/289 325/1154/289 321/1155/289 324/1156/289
f 329/1157/290 330/1158/290 331/1159/290 332/1160/290
f 330/1161/291 333/1162/291 334/1163/291 331/1164/291
f 333/1165/292 335/1166/292 336/1167/292 334/1168/292
f 335/1169/293 329/1170/293 332/1171/293 336/1172/293
f 337/1173/294 338/1174/294 339/1175/294 340/1176/294
f 341/1177/295 342/1178/295 338/1179/295 337/1180/295
f 342/1181/296 343/1182/296 339/1183/296 338/1184/296
f 343/1185/297 344/1186/297 340/1187/297 339/1188/297
f 344/1189/298 341/1190/298 337/1191/298 340/1192/298
f 345/1193/299 346/1194/299 347/1195/299 348/1196/299
f 346/1197/300 349/1198/300 350/1199/300 347/1200/300
f 349/1201/301 351/1202/301 352/1203/301 350/1204/301
f 351/1205/302 345/1206/302 348/1207/302 352/1208/302
f 353/1209/303 354/1210/303 355/1211/303 356/1212/303
f 357/1213/304 358/1214/304 354/1215/304 353/1216/304
f 358/1217/305 359/1218/305 355/1219/305 354/1220/305
f 359/1221/306 360/1222/306 356/1223/306 355/1224/306
f 360/1225/307 357/1226/307 353/1227/307 356/1228/307
f 361/1229/308 362/1230/308 363/1231/308 364/1232/308
f 362/1233/309 365/1234/309 366/1235/309 363/1236/309
f 365/1237/310 367/1238/310 368/1239/310 366/1240/310
f 367/1241/311 361/1242/311 364/1243/311 368/1244/311
f 369/1245/312 370/1246/312 371/1247/312 372/1248/312
f 373/1249/313 374/1250/313 370/1251/313 369/1252/313
f 374/1253/314 375/1254/314 371/1255/314 370/1256/314
f 375/1257/315 376/1258/315 372/1259/315 371/1260/315
f 376/1261/316 373/1262/316 369/1263/316 372/1264/316
f 377/1265/317 378/1266/317 379/1267/317 380/1268/317
f 378/1269/318 381/1270/318 382/1271/318 379/1272/318
f 381/1273/319 383/1274/319 384/1275/319 382/1276/319
f 383/1277/320 377/1278/320 380/1279/320 384/1280/320
f 385/1281/321 386/1282/321 387/1283/321 388/1284/321
f 389/1285/322 390/1286/322 386/1287/322 385/1288/322
f 390/1289/323 391/1290/323 387/1291/323 386/1292/323
f 391/1293/324 392/1294/324 388/1295/324 387/1296/324
f 392/1297/325 389/1298/325 385/1299/325 388/1300/325
f 393/1301/326 394/1302/326 395/1303/326 396/1304/326
f 394/1305/327 397/1306/327 398/1307/327 395/1308/327
f 397/1309/328 399/1310/328 400/1311/328 398/1312/328
f 399/1313/329 393/1314/329 396/1315/329 400/1316/329
f 401/1317/330 402/1318/330 403/1319/330 404/1320/330
f 405/1321/331 406/1322/331 402/1323/331 401/1324/331
f 406/1325/332 407/1326/332 403/1327/332 402/1328/332
f 407/1329/333 408/1330/333 404/1331/333 403/1332/333
f 408/1333/334 405/1334/334 401/1335/334 404/1336/334
f 409/1337/335 410/1338/335 411/1339/335 412/1340/335
f 410/1341/336 413/1342/336 414/1343/336 411/1344/336
f 413/1345/337 415/1346/337 416/1347/337 414/1348/337
f 415/1349/338 409/1350/338 412/1351/338 416/1352/338
f 417/1353/339 418/1354/339 419/1355/339 420/1356/339
f 421/1357/340 422/1358/340 418/1359/340 417/1360/340
f 422/1361/341 423/1362/341 419/1363/341 418/1364/341
f 423/1365/342 424/1366/342 420/1367/342 419/1368/342
f 424/1369/343 421/1370/343 417/1371/343 420/1372/343
f 425/1373/344 426/1374/344 427/1375/344 428/1376/344
f 426/1377/345 429/1378/345 430/1379/345 427/1380/345
f 429/1381/346 431/1382/346 432/1383/346 430/1384/346
f 431/1385/347 425/1386/347 428/1387/347 432/1388/347
f 433/1389/348 434/1390/348 435/1391/348 436/1392/348
f 437/1393/349 438/1394/349 434/1395/349 433/1396/349
f 438/1397/350 439/1398/350 435/1399/350 434/1400/350
f 439/1401/351 440/1402/351 436/1403/351 435/1404/351
f 440/1405/352 437/1406/352 433/1407/352 436/1408/352
f 441/1409/353 442/1410/353 443/1411/353 444/1412/353
f 442/1413/354 445/1414/354 446/1415/354 443/1416/354
f 445/1417/355 447/1418/355 448/1419/355 446/1420/355
f 447/1421/356 441/1422/356 444/1423/356 448/1424/356
f 449/1425/357 450/1426/357 451/1427/357 452/1428/357
f 453/1429/358 454/1430/358 450/1431/358 449/1432/358
f 454/1433/359 455/1434/359 451/1435/359 450/1436/359
f 455/1437/360 456/1438/360 452/1439/360 451/1440/360
f 456/1441/361 453/1442/361 449/1443/361 452/1444/361
f 457/1445/362 458/1446/362 459/1447/362 460/1448/362
f 458/1449/363 461/1450/363 462/1451/363 459/1452/363
f 461/1453/364 463/1454/364 464/1455/364 462/1456/364
f 463/1457/365 457/1458/365 460/1459/365 464/1460/365
f 465/1461/366 466/1462/366 467/1463/366 468/1464/366
f 469/1465/367 470/1466/367 466/1467/367 465/1468/367
f 470/1469/368 471/1470/368 467/1471/368 466/1472/368
f 471/1473/369 472/1474/369 468/1475/369 467/1476/369
f 472/1477/370 469/1478/370 465/1479/370 468/1480/370
f 473/1481/371 474/1482/371 475/1483/371 476/1484/371
f 474/1485/372 477/1486/372 478/1487/372 475/1488/372
f 477/1489/373 479/1490/373 480/1491/373 478/1492/373
f 479/1493/374 473/1494/374 476/1495/374 480/1496/374
f 481/1497/375 482/1498/375 483/1499/375 484/1500/375
f 485/1501/376 486/1502/376 482/1503/376 481/1504/376
f 486/1505/377 487/1506/377 483/1507/377 482/1508/377
f 487/1509/378 488/1510/378 484/1511/378 483/1512/378
f 488/1513/379 485/1514/379 481/1515/379 484/1516/379
f 489/1517/380 490/1518/380 491/1519/380 492/1520/380
f 490/1521/381 493/1522/381 494/1523/381 491/1524/381
f 493/1525/382 495/1526/382 496/1527/382 494/1528/382
f 495/1529/383 489/1530/383 492/1531/383 496/1532/383
f 497/1533/384 498/1534/384 499/1535/384 500/1536/384
f 501/1537/385 502/1538/385 498/1539/385 497/1540/385
f 502/1541/386 503/1542/386 499/1543/386 498/1544/386
f 503/1545/387 504/1546/387 500/1547/387 499/1548/387
f 504/1549/388 501/1550/388 497/1551/388 500/1552/388
f 505/1553/389 506/1554/389 507/1555/389 508/1556/389
f 506/1557/390 509/1558/390 510/1559/390 507/1560/390
f 509/1561/391 511/1562/391 512/1563/391 510/1564/391
f 511/1565/392 505/1566/392 508/1567/392 512/1568/392
f 513/1569/393 514/1570/393 515/1571/393 516/1572/393
f 517/1573/394 518/1574/394 514/1575/394 513/1576/394
f 518/1577/395 519/1578/395 515/1579/395 514/1580/395
f 519/1581/396 520/1582/396 516/1583/396 515/1584/396
f 520/1585/397 517/1586/397 513/1587/397 516/1588/397
f 521/1589/398 522/1590/398 523/1591/398 524/1592/398
f 522/1593/399 525/1594/399 526/1595/399 523/1596/399
f 525/1597/400 527/1598/400 528/1599/400 526/1600/400
f 527/1601/401 521/1602/401 524/1603/401 528/1604/401
f 529/1605/402 530/1606/402 531/1607/402 532/1608/402
f 533/1609/403 534/1610/403 530/1611/403 529/1612/403
f 534/1613/404 535/1614/404 531/1615/404 530/1616/404
f 535/1617/405 536/1618/405 532/1619/405 531/1620/405
f 536/1621/406 533/1622/406 529/1623/406 532/1624/406
f 537/1625/407 538/1626/407 539/1627/407 540/1628/407
f 538/1629/408 541/1630/408 542/1631/408 539/1632/408
f 541/1633/409 543/1634/409 544/1635/409 542/1636/409
f 543/1637/410 537/1638/410 540/1639/410 544/1640/410
f 545/1641/411 546/1642/411 547/1643/411 548/1644/411
f 549/1645/412 550/1646/412 546/1647/412 545/1648/412
f 550/1649/413 551/1650/413 547/1651/413 546/1652/413
f 551/1653/414 552/1654/414 548/1655/414 547/1656/414
f 552/1657/415 549/1658/415 545/1659/415 548/1660/415
f 553/1661/416 554/1662/416 555/1663/416 556/1664/416
f 554/1665/417 557/1666/417 558/1667/417 555/1668/417
f 557/1669/418 559/1670/418 560/1671/418 558/1672/418
f 559/1673/419 553/1674/419 556/1675/419 560/1676/419
f 561/1677/420 562/1678/420 563/1679/420 564/1680/420
f 565/1681/421 566/1682/421 562/1683/421 561/1684/421
f 566/1685/422 567/1686/422 563/1687/422 562/1688/422
f 567/1689/423 568/1690/423 564/1691/423 563/1692/423
f 568/1693/424 565/1694/424 561/1695/424 564/1696/424
f 569/1697/425 570/1698/425 571/1699/425 572/1700/425
f 570/1701/426 573/1702/426 574/1703/426 571/1704/426
f 573/1705/427 575/1706/427 576/1707/427 574/1708/427
f 575/1709/428 569/1710/428 572/1711/428 576/1712/428
f 577/1713/429 578/1714/429 579/1715/429 580/1716/429
f 581/1717/430 582/1718/430 578/1719/430 577/1720/430
f 582/1721/431 583/1722/431 579/1723/431 578/1724/431
f 583/1725/432 584/1726/432 580/1727/432 579/1728/432
f 584/1729/433 581/1730/433 577/1731/433 580/1732/433
f 585/1733/434 586/1734/434 587/1735/434 588/1736/434
f 586/1737/435 589/1738/435 590/1739/435 587/1740/435
f 589/1741/436 591/1742/436 592/1743/436 590/1744/436
f 591/1745/437 585/1746/437 588/1747/437 592/1748/437
f 593/1749/438 594/1750/438 595/1751/438 596/1752/438
f 597/1753/439 598/1754/439 594/1755/439 593/1756/439
f 598/1757/440 599/1758/440 595/1759/440 594/1760/440
f 599/1761/441 600/1762/441 596/1763/441 595/1764/441
f 600/1765/442 597/1766/442 593/1767/442 596/1768/442
f 601/1769/443 602/1770/443 603/1771/443 604/1772/443
f 602/1773/444 605/1774/444 606/1775/444 603/1776/444
f 605/1777/445 607/1778/445 608/1779/445 606/1780/445
f 607/1781/446 601/1782/446 604/1783/446 608/1784/446
f 609/1785/447 610/1786/447 611/1787/447 612/1788/447
f 613/1789/448 614/1790/448 610/1791/448 609/1792/448
f 614/1793/449 615/1794/449 611/1795/449 610/1796/449
f 615/1797/450 616/1798/450 612/1799/450 611/1800/450
f 616/1801/451 613/1802/451 609/1803/451 612/1804/451
f 617/1805/452 618/1806/452 619/1807/452 620/1808/452
f 618/1809/453 621/1810/453 622/1811/453 619/1812/453
f 621/1813/454 623/1814/454 624/1815/454 622/1816/454
f 623/1817/455 617/1818/455 620/1819/455 624/1820/455
f 625/1821/456 626/1822/456 627/1823/456 628/1824/456
f 629/1825/457 630/1826/457 626/1827/457 625/1828/457
f 630/1829/458 631/1830/458 627/1831/458 626/1832/458
f 631/1833/459 632/1834/459 628/1835/459 627/1836/459
f 632/1837/460 629/1838/460 625/1839/460 628/1840/460
f 633/1841/461 634/1842/461 635/1843/461 636/1844/461
f 634/1845/462 637/1846/462 638/1847/462 635/1848/462
f 637/1849/463 639/1850/463 640/1851/463 638/1852/463
f 639/1853/464 633/1854/464 636/1855/464 640/1856/464
f 641/1857/465 642/1858/465 643/1859/465 644/1860/465
f 645/1861/466 646/1862/466 642/1863/466 641/1864/466
f 646/1865/467 647/1866/467 643/1867/467 642/1868/467
f 647/1869/468 648/1870/468 644/1871/468 643/1872/468
f 648/1873/469 645/1874/469 641/1875/469 644/1876/469
f 649/1877/470 650/1878/470 651/1879/470 652/1880/470
f 650/1881/471 653/1882/471 654/1883/471 651/1884/471
f 653/1885/472 655/1886/472 656/1887/472 654/1888/472
f 655/1889/473 649/1890/473 652/1891/473 656/1892/473
f 657/1893/474 658/1894/474 659/1895/474 660/1896/474
f 661/1897/475 662/1898/475 658/1899/475 657/1900/475
f 662/1901/476 663/1902/476 659/1903/476 658/1904/476
f 663/1905/477 664/1906/477 660/1907/477 659/1908/477
f 664/1909/478 661/1910/478 657/1911/478 660/1912/478
f 665/1913/479 666/1914/479 667/1915/479 668/1916/479
f 666/1917/480 669/1918/480 670/1919/480 667/1920/480
f 669/1921/481 671/1922/481 672/1923/481 670/1924/481
f 671/1925/482 665/1926/482 668/1927/482 672/1928/482
f 673/1929/483 674/1930/483 675/1931/483 676/1932/483
f 677/1933/484 678/1934/484 674/1935/484 673/1936/484
f 678/1937/485 679/1938/485 675/1939/485 674/1940/485
f 679/1941/486 680/1942/486 676/1943/486 675/1944/486
f 680/1945/487 677/1946/487 673/1947/487 676/1948/487
f 681/1949/488 682/1950/488 683/1951/488 684/1952/488
f 682/1953/489 685/1954/489 686/1955/489 683/1956/489
f 685/1957/490 687/1958/490 688/1959/490 686/1960/490
f 687/1961/491 681/1962/491 684/1963/491 688/1964/491
f 689/1965/492 690/1966/492 691/1967/492 692/1968/492
f 693/1969/493 694/1970/493 690/1971/493 689/1972/493
f 694/1973/494 695/1974/494 691/1975/494 690/1976/494
f 695/1977/495 696/1978/495 692/1979/495 691/1980/495
f 696/1981/496 693/1982/496 689/1983/496 692/1984/496
f 697/1985/497 698/1986/497 699/1987/497 700/1988/497
f 698/1989/498 701/1990/498 702/1991/498 699/1992/498
f 701/1993/499 703/1994/499 704/1995/499 702/1996/499
f 703/1997/500 697/1998/500 700/1999/500 704/2000/500
f 705/2001/501 706/2002/501 707/2003/501 708/2004/501
f 709/2005/502 710/2006/502 706/2007/502 705/2008/502
f 710/2009/503 711/2010/503 707/2011/503 706/2012/503
f 711/2013/504 712/2014/504 708/2015/504 707/2016/504
f 712/2017/505 709/2018/505 705/2019/505 708/2020/505
f 713/2021/506 714/2022/506 715/2023/506 716/2024/506
f 714/2025/507 717/2026/507 718/2027/507 715/2028/507
f 717/2029/508 719/2030/508 720/2031/508 718/2032/508
f 719/2033/509 713/2034/509 716/2035/509 720/2036/509
f 721/2037/510 722/2038/510 723/2039/510 724/2040/510
f 725/2041/511 726/2042/511 722/2043/511 721/2044/511
f 726/2045/512 727/2046/512 723/2047/512 722/2048/512
f 727/2049/513 728/2050/513 724/2051/513 723/2052/513
f 728/2053/514 725/2054/514 721/2055/514 724/2056/514
f 729/2057/515 730/2058/515 731/2059/515 732/2060/515
f 730/2061/516 733/2062/516 734/2063/516 731/2064/516
f 733/2065/517 735/2066/517 736/2067/517 734/2068/517
f 735/2069/518 729/2070/518 732/2071/518 736/2072/518
f 737/2073/519 738/2074/519 739/2075/519 740/2076/519
f 741/2077/520 742/2078/520 738/2079/520 737/2080/520
f 742/2081/521 743/2082/521 739/2083/521 738/2084/521
f 743/2085/522 744/2086/522 740/2087/522 739/2088/522
f 744/2089/523 741/2090/523 737/2091/523 740/2092/523
f 745/2093/524 746/2094/524 747/2095/524 748/2096/524
f 746/2097/525 749/2098/525 750/2099/525 747/2100/525
f 749/2101/526 751/2102/526 752/2103/526 750/2104/526
f 751/2105/527 745/2106/527 748/2107/527 752/2108/527
f 753/2109/528 754/2110/528 755/2111/528 756/2112/528
f 757/2113/529 758/2114/529 754/2115/529 753/2116/529
f 758/2117/530 759/2118/530 755/2119/530 754/2120/530
f 759/2121/531 760/2122/531 756/2123/531 755/2124/531
f 760/2125/532 757/2126/532 753/2127/532 756/2128/532
f 761/2129/533 762/2130/533 763/2131/533 764/2132/533
f 762/2133/534 765/2134/534 766/2135/534 763/2136/534
f 765/2137/535 767/2138/535 768/2139/535 766/2140/535
f 767/2141/536 761/2142/536 764/2143/536 768/2144/536
f 769/2145/537 770/2146/537 771/2147/537 772/2148/537
f 773/2149/538 774/2150/538 770/2151/538 769/2152/538
f 774/2153/539 775/2154/539 771/2155/539 770/2156/539
f 775/2157/540 776/2158/540 772/2159/540 771/2160/540
f 776/2161/541 773/2162/541 769/2163/541 772/2164/541
f 777/2165/542 778/2166/542 779/2167/542 780/2168/542
f 778/2169/543 781/2170/543 782/2171/543 779/2172/543
f 781/2173/544 783/2174/544 784/2175/544 782/2176/544
f 783/2177/545 777/2178/545 780/2179/545 784/2180/545
f 785/2181/546 786/2182/546 787/2183/546 788/2184/546
f 789/2185/547 790/2186/547 786/2187/547 785/2188/547
f 790/2189/548 791/2190/548 787/2191/548 786/2192/548
f 791/2193/549 792/2194/549 788/2195/549 787/2196/549
f 792/2197/550 789/2198/550 785/2199/550 788/2200/550
f 793/2201/551 794/2202/551 795/2203/551 796/2204/551
f 794/2205/552 797/2206/552 798/2207/552 795/2208/552
f 797/2209/553 799/2210/553 800/2211/553 798/2212/553
f 799/2213/554 793/2214/554 796/2215/554 800/2216/554
f 801/2217/555 802/2218/555 803/2219/555 804/2220/555
f 805/2221/556 806/2222/556 802/2223/556 801/2224/556
f 806/2225/557 807/2226/557 803/2227/557 802/2228/557
f 807/2229/558 808/2230/558 804/2231/558 803/2232/558
f 808/2233/559 805/2234/559 801/2235/559 804/2236/559
f 809/2237/560 810/2238/560 811/2239/560 812/2240/560
f 810/2241/561 813/2242/561 814/2243/561 811/2244/561
f 813/2245/562 815/2246/562 816/2247/562 814/2248/562
f 815/2249/563 809/2250/563 812/2251/563 816/2252/563
f 817/2253/564 818/2254/564 819/2255/564 820/2256/564
f 821/2257/565 822/2258/565 818/2259/565 817/2260/565
f 822/2261/566 823/2262/566 819/2263/566 818/2264/566
f 823/2265/567 824/2266/567 820/2267/567 819/2268/567
f 824/2269/568 821/2270/568 817/2271/568 820/2272/568
f 825/2273/569 826/2274/569 827/2275/569 828/2276/569
f 826/2277/570 829/2278/570 830/2279/570 827/2280/570
f 829/2281/571 831/2282/571 832/2283/571 830/2284/571
f 831/2285/572 825/2286/572 828/2287/572 832/2288/572
f 833/2289/573 834/2290/573 835/2291/573 836/2292/573
f 837/2293/574 838/2294/574 834/2295/574 833/2296/574
f 838/2297/575 839/2298/575 835/2299/575 834/2300/575
f 839/2301/576 840/2302/576 836/2303/576 835/2304/576
f 840/2305/577 837/2306/577 833/2307/577 836/2308/577
f 841/2309/578 842/2310/578 843/2311/578 844/2312/578
f 842/2313/579 845/2314/579 846/2315/579 843/2316/579
f 845/2317/580 847/2318/580 848/2319/580 846/2320/580
f 847/2321/581 841/2322/581 844/2323/581 848/2324/581
f 849/2325/582 850/2326/582 851/2327/582 852/2328/582
f 853/2329/583 854/2330/583 850/2331/583 849/2332/583
f 854/2333/584 855/2334/584 851/2335/584 850/2336/584
f 855/2337/585 856/2338/585 852/2339/585 851/2340/585
f 856/2341/586 853/2342/586 849/2343/586 852/2344/586
f 857/2345/587 858/2346/587 859/2347/587 860/2348/587
f 858/2349/588 861/2350/588 862/2351/588 859/2352/588
f 861/2353/589 863/2354/589 864/2355/589 862/2356/589
f 863/2357/590 857/2358/590 860/2359/590 864/2360/590
f 865/2361/591 866/2362/591 867/2363/591 868/2364/591
f 869/2365/592 870/2366/592 866/2367/592 865/2368/592
f 870/2369/593 871/2370/593 867/2371/593 866/2372/593
f 871/2373/594 872/2374/594 868/2375/594 867/2376/594
f 872/2377/595 869/2378/595 865/2379/595 868/2380/595
f 873/2381/596 874/2382/596 875/2383/596 876/2384/596
f 874/2385/597 877/2386/597 878/2387/597 875/2388/597
f 877/2389/598 879/2390/598 880/2391/598 878/2392/598
f 879/2393/599 873/2394/599 876/2395/599 880/2396/599
f 881/2397/600 882/2398/600 883/2399/600 884/2400/600
f 885/2401/601 886/2402/601 882/2403/601 881/2404/601
f 886/2405/602 887/2406/602 883/2407/602 882/2408/602
f 887/2409/603 888/2410/603 884/2411/603 883/2412/603
f 888/2413/604 885/2414/604 881/2415/604 884/2416/604
f 889/2417/605 890/2418/605 891/2419/605 892/2420/605
f 890/2421/606 893/2422/606 894/2423/606 891/2424/606
f 893/2425/607 895/2426/607 896/2427/607 894/2428/607
f 895/2429/608 889/2430/608 892/2431/608 896/2432/608
f 897/2433/609 898/2434/609 899/2435/609 900/2436/609
f 901/2437/610 902/2438/610 898/2439/610 897/2440/610
f 902/2441/611 903/2442/611 899/2443/611 898/2444/611
f 903/2445/612 904/2446/612 900/2447/612 899/2448/612
f 904/2449/613 901/2450/613 897/2451/613 900/2452/613
f 905/2453/614 906/2454/614 907/2455/614 908/2456/614
f 906/2457/615 909/2458/615 910/2459/615 907/2460/615
f 909/2461/616 911/2462/616 912/2463/616 910/2464/616
f 911/2465/617 905/2466/617 908/2467/617 912/2468/617
f 913/2469/618 914/2470/618 915/2471/618 916/2472/618
f 917/2473/619 918/2474/619 914/2475/619 913/2476/619
f 918/2477/620 919/2478/620 915/2479/620 914/2480/620
f 919/2481/621 920/2482/621 916/2483/621 915/2484/621
f 920/2485/622 917/2486/622 913/2487/622 916/2488/622
f 921/2489/623 922/2490/623 923/2491/623 924/2492/623
f 922/2493/624 925/2494/624 926/2495/624 923/2496/624
f 925/2497/625 927/2498/625 928/2499/625 926/2500/625
f 927/2501/626 921/2502/626 924/2503/626 928/2504/626
f 929/2505/627 930/2506/627 931/2507/627 932/2508/627
f 933/2509/628 934/2510/628 930/2511/628 929/2512/628
f 934/2513/629 935/2514/629 931/2515/629 930/2516/629
f 935/2517/630 936/2518/630 932/2519/630 931/2520/630
f 936/2521/631 933/2522/631 929/2523/631 932/2524/631
f 937/2525/632 938/2526/632 939/2527/632 940/2528/632
f 938/2529/633 941/2530/633 942/2531/633 939/2532/633
f 941/2533/634 943/2534/634 944/2535/634 942/2536/634
f 943/2537/635 937/2538/635 940/2539/635 944/2540/635
f 945/2541/636 946/2542/636 947/2543/636 948/2544/636
f 949/2545/637 950/2546/637 946/2547/637 945/2548/637
f 950/2549/638 951/2550/638 947/2551/638 946/2552/638
f 951/2553/639 952/2554/639 948/2555/639 947/2556/639
f 952/2557/640 949/2558/640 945/2559/640 948/2560/640
f 953/2561/641 954/2562/641 955/2563/641 956/2564/641
f 954/2565/642 957/2566/642 958/2567/642 955/2568/642
f 957/2569/643 959/2570/643 960/2571/643 958/2572/643
f 959/2573/644 953/2574/644 956/2575/644 960/2576/644
f 961/2577/645 962/2578/645 963/2579/645 964/2580/645
f 965/2581/646 966/2582/646 962/2583/646 961/2584/646
f 966/2585/647 967/2586/647 963/2587/647 962/2588/647
f 967/2589/648 968/2590/648 964/2591/648 963/2592/648
f 968/2593/649 965/2594/649 961/2595/649 964/2596/649
f 969/2597/650 970/2598/650 971/2599/650 972/2600/650
f 970/2601/651 973/2602/651 974/2603/651 971/2604/651
f 973/2605/652 975/2606/652 976/2607/652 974/2608/652
f 975/2609/653 969/2610/653 972/2611/653 976/2612/653
f 977/2613/654 978/2614/654 979/2615/654 980/2616/654
f 981/2617/655 982/2618/655 978/2619/655 977/2620/655
f 982/2621/656 983/2622/656 979/2623/656 978/2624/656
f 983/2625/657 984/2626/657 980/2627/657 979/2628/657
f 984/2629/658 981/2630/658 977/2631/658 980/2632/658
f 985/2633/659 986/2634/659 987/2635/659 988/2636/659
f 986/2637/660 989/2638/660 990/2639/660 987/2640/660
f 989/2641/661 991/2642/661 992/2643/661 990/2644/661
f 991/2645/662 985/2646/662 988/2647/662 992/2648/662
f 993/2649/663 994/2650/663 995/2651/663 996/2652/663
f 997/2653/664 998/2654/664 994/2655/664 993/2656/664
f 998/2657/665 999/2658/665 995/2659/665 994/2660/665
f 999/2661/666 1000/2662/666 996/2663/666 995/2664/666
f 1000/2665/667 997/2666/667 993/2667/667 996/2668/667
f 1001/2669/668 1002/2670/668 1003/2671/668 1004/2672/668
f 1002/2673/669 1005/2674/669 1006/2675/669 1003/2676/669
f 1005/2677/670 1007/2678/670 1008/2679/670 1006/2680/670
f 1007/2681/671 1001/2682/671 1004/2683/671 1008/2684/671
f 1009/2685/672 1010/2686/672 1011/2687/672 1012/2688/672
f 1013/2689/673 1014/2690/673 1010/2691/673 1009/2692/673
f 1014/2693/674 1015/2694/674 1011/2695/674 1010/2696/674
f 1015/2697/675 1016/2698/675 1012/2699/675 1011/2700/675
f 1016/2701/676 1013/2702/676 1009/2703/676 1012/2704/676
f 1017/2705/677 1018/2706/677 1019/2707/677 1020/2708/677
f 1018/2709/678 1021/2710/678 1022/2711/678 1019/2712/678
f 1021/2713/679 1023/2714/679 1024/2715/679 1022/2716/679
f 1023/2717/680 1017/2718/680 1020/2719/680 1024/2720/680
f 1025/2721/681 1026/2722/681 1027/2723/681 1028/2724/681
f 1029/2725/682 1030/2726/682 1026/2727/682 1025/2728/682
f 1030/2729/683 1031/2730/683 1027/2731/683 1026/2732/683
f 1031/2733/684 1032/2734/684 1028/2735/684 1027/2736/684
f 1032/2737/685 1029/2738/685 1025/2739/685 1028/2740/685
f 1033/2741/686 1034/2742/686 1035/2743/686 1036/2744/686
f 1034/2745/687 1037/2746/687 1038/2747/687 1035/2748/687
f 1037/2749/688 1039/2750/688 1040/2751/688 1038/2752/688
f 1039/2753/689 1033/2754/689 1036/2755/689 1040/2756/689
f 1041/2757/690 1042/2758/690 1043/2759/690 1044/2760/690
f 1045/2761/691 1046/2762/691 1042/2763/691 1041/2764/691
f 1046/2765/692 1047/2766/692 1043/2767/692 1042/2768/692
f 1047/2769/693 1048/2770/693 1044/2771/693 1043/2772/693
f 1048/2773/694 1045/2774/694 1041/2775/694 1044/2776/694
o paperLine5
v 0.12499999999999989 0.3613313523631259 0.5066078817733989
v 0.12499999999999989 0.4007089845577913 0.5312384236453201
v -0.12500000000000006 0.4007089845577913 0.5312384236453201
v -0.12500000000000006 0.3613313523631259 0.506607881773399
v 0.12499999999999989 0.3218542817033224 0.48197733990147773
v -0.12500000000000006 0.3218542817033224 0.48197733990147784
v 0.12499999999999989 0.282476649508657 0.4573467980295566
v -0.1250000000000001 0.282476649508657 0.4573467980295567
v 0.12499999999999989 0.24180631726719698 0.43665714285714274
v -0.1250000000000001 0.24180631726719698 0.43665714285714285
v 0.12499999999999989 0.19964440804866634 0.44434187192118224
v -0.1250000000000001 0.19964440804866634 0.44434187192118224
v 0.12499999999999989 0.1925842770238652 0.4873960591133004
v -0.12500000000000006 0.1925842770238652 0.4873960591133004
v 0.12499999999999989 0.20103654656059897 0.53251921182266
v -0.12500000000000006 0.20103654656059897 0.53251921182266
v 0.12499999999999989 0.36282292934019655 0.5041448275862068
v -0.12500000000000006 0.36282292934019655 0.5041448275862068
v -0.12500000000000006 0.4023 0.5287753694581281
v 0.12499999999999989 0.4023 0.528775369458128
v 0.12499999999999989 0.3234452971455311 0.47951428571428567
v -0.1250000000000001 0.3234452971455311 0.47951428571428567
v 0.12499999999999989 0.28406766495086566 0.4548837438423645
v -0.1250000000000001 0.28406766495086566 0.4548837438423645
v 0.12499999999999989 0.2423035095928872 0.43379999999999996
v -0.1250000000000001 0.2423035095928872 0.43379999999999996
v 0.12499999999999989 0.19745676181562938 0.4422729064039408
v -0.1250000000000001 0.19745676181562938 0.4422729064039409
v 0.12499999999999989 0.1898 0.4882827586206896
v -0.12500000000000006 0.1898 0.4882827586206896
v 0.12499999999999989 0.1983517080018718 0.5337999999999999
v -0.12500000000000006 0.1983517080018718 0.5337999999999999
vt 0.4946 0.45629999999999993
vt 0.4946 0.363
vt 0.9995 0.363
vt 0.9995 0.45629999999999993
vt 0.4946 0.5497
vt 0.4946 0.45629999999999993
vt 0.9995 0.45629999999999993
vt 0.9995 0.5497
vt 0.4946 0.643
vt 0.4946 0.5497
vt 0.9995 0.5497
vt 0.9995 0.643
vt 0.4946 0.7346
vt 0.4946 0.643
vt 0.9995 0.643
vt 0.9995 0.7346
vt 0.4946 0.823
vt 0.4946 0.7346
vt 0.9995 0.7346
vt 0.9995 0.823
vt 0.4946 0.9113
vt 0.4946 0.823
vt 0.9995 0.823
vt 0.9995 0.9113
vt 0.4946 0.9996
vt 0.4946 0.9113
vt 0.9995 0.9113
vt 0.9995 0.9996
vt 0.0005 0.9088
vt 0.4919 0.9088
vt 0.4919 0.9997
vt 0.0005 0.9997
vt 0.0005 0.818
vt 0.4919 0.818
vt 0.4919 0.9088
vt 0.0005 0.9088
vt 0.0005 0.7271
vt 0.4919 0.7271
vt 0.4919 0.818
vt 0.0005 0.818
vt 0.0005 0.6357
vt 0.4919 0.6357
vt 0.4919 0.7271
vt 0.0005 0.7271
vt 0.0005 0.5448
vt 0.4919 0.5448
vt 0.4919 0.6357
vt 0.0005 0.6357
vt 0.0005 0.45389999999999997
vt 0.4919 0.45389999999999997
vt 0.4919 0.5448
vt 0.0005 0.5448
vt 0.0005 0.3631
vt 0.4919 0.3631
vt 0.4919 0.45389999999999997
vt 0.0005 0.45389999999999997
vt 0.0897 0.14569999999999994
vt 0.6373 0.14569999999999994
vt 0.6373 0.16600000000000004
vt 0.0897 0.16600000000000004
vt 0.5373 0.2639
vt 0.6716 0.24170000000000003
vt 0.6702 0.23319999999999996
vt 0.5359 0.25540000000000007
vt 0.403 0.2861
vt 0.5373 0.2639
vt 0.5359 0.25540000000000007
vt 0.4016 0.2775000000000001
vt 0.2687 0.30820000000000003
vt 0.403 0.2861
vt 0.4016 0.2775000000000001
vt 0.2673 0.2997000000000001
vt 0.132 0.31800000000000006
vt 0.2687 0.30820000000000003
vt 0.2673 0.2997000000000001
vt 0.134 0.3096
vt 0.0254 0.23319999999999996
vt 0.132 0.31800000000000006
vt 0.134 0.3096
vt 0.0332 0.22930000000000006
vt 0.0225 0.09699999999999998
vt 0.0254 0.23319999999999996
vt 0.0332 0.22930000000000006
vt 0.0304 0.10050000000000003
vt 0.1252 0.007600000000000051
vt 0.0225 0.09699999999999998
vt 0.0304 0.10050000000000003
vt 0.1276 0.015900000000000025
vt 0.0903 0.14559999999999995
vt 0.6357 0.14480000000000004
vt 0.6357 0.16310000000000002
vt 0.0903 0.16389999999999993
vt 0.0244 0.09729999999999994
vt 0.1269 0.007600000000000051
vt 0.1293 0.015900000000000025
vt 0.0323 0.1008
vt 0.0277 0.23350000000000004
vt 0.0244 0.09729999999999994
vt 0.0323 0.1008
vt 0.0355 0.22970000000000002
vt 0.1344 0.31820000000000004
vt 0.0277 0.23350000000000004
vt 0.0355 0.22970000000000002
vt 0.1364 0.3097
vt 0.271 0.30820000000000003
vt 0.1344 0.31820000000000004
vt 0.1364 0.3097
vt 0.2696 0.2996
vt 0.4052 0.2861
vt 0.271 0.30820000000000003
vt 0.2696 0.2996
vt 0.4038 0.2775000000000001
vt 0.5393 0.264
vt 0.4052 0.2861
vt 0.4038 0.2775000000000001
vt 0.5379 0.25550000000000006
vt 0.6735 0.24209999999999998
vt 0.5393 0.264
vt 0.5379 0.25550000000000006
vt 0.6721 0.23350000000000004
vn 0 -0.5303011500842738 0.8478093478013183
vn 0 -0.5293400030473934 0.8484097837565203
vn 0 -0.5303011500842724 0.8478093478013191
vn 0 -0.45341775552987473 0.8912981201428909
vn 0 0.1793129340879654 0.9837920876225652
vn 0 0.9868200986324126 0.16182117579326766
vn 0 0.9829050046035761 -0.18411342136097514
vn 0 0.5293400030473948 -0.8484097837565194
vn 0 0.5303011500842724 -0.8478093478013191
vn 0 0.5303011500842724 -0.8478093478013191
vn 0 0.45065871475014774 -0.892696321724104
vn 0 -0.18564599830637027 -0.9826166919571596
vn 0 -0.9864340394410845 -0.1641581122940469
vn 0 -0.9828047535132768 0.184647817403043
vn 0 0.839993843524116 0.5425959296212818
vn 1 0 0
vn 1 0 0
vn 1 0 0
vn 1 0 0
vn 1 0 0
vn 1 0 0
vn 1 0 0
vn 0 0.4305620007469079 0.9025610026545684
vn -1 0 0
vn -1 0 0
vn -1 0 0
vn -1 0 0
vn -1 0 0
vn -1 0 0
vn -1 0 0
usemtl paper_5
f 1049/2777/695 1050/2778/695 1051/2779/695 1052/2780/695
f 1053/2781/696 1049/2782/696 1052/2783/696 1054/2784/696
f 1055/2785/697 1053/2786/697 1054/2787/697 1056/2788/697
f 1057/2789/698 1055/2790/698 1056/2791/698 1058/2792/698
f 1059/2793/699 1057/2794/699 1058/2795/699 1060/2796/699
f 1061/2797/700 1059/2798/700 1060/2799/700 1062/2800/700
f 1063/2801/701 1061/2802/701 1062/2803/701 1064/2804/701
f 1065/2805/702 1066/2806/702 1067/2807/702 1068/2808/702
f 1069/2809/703 1070/2810/703 1066/2811/703 1065/2812/703
f 1071/2813/704 1072/2814/704 1070/2815/704 1069/2816/704
f 1073/2817/705 1074/2818/705 1072/2819/705 1071/2820/705
f 1075/2821/706 1076/2822/706 1074/2823/706 1073/2824/706
f 1077/2825/707 1078/2826/707 1076/2827/707 1075/2828/707
f 1079/2829/708 1080/2830/708 1078/2831/708 1077/2832/708
f 1068/2833/709 1067/2834/709 1051/2835/709 1050/2836/709
f 1065/2837/710 1068/2838/710 1050/2839/710 1049/2840/710
f 1069/2841/711 1065/2842/711 1049/2843/711 1053/2844/711
f 1071/2845/712 1069/2846/712 1053/2847/712 1055/2848/712
f 1073/2849/713 1071/2850/713 1055/2851/713 1057/2852/713
f 1075/2853/714 1073/2854/714 1057/2855/714 1059/2856/714
f 1077/2857/715 1075/2858/715 1059/2859/715 1061/2860/715
f 1079/2861/716 1077/2862/716 1061/2863/716 1063/2864/716
f 1080/2865/717 1079/2866/717 1063/2867/717 1064/2868/717
f 1078/2869/718 1080/2870/718 1064/2871/718 1062/2872/718
f 1076/2873/719 1078/2874/719 1062/2875/719 1060/2876/719
f 1074/2877/720 1076/2878/720 1060/2879/720 1058/2880/720
f 1072/2881/721 1074/2882/721 1058/2883/721 1056/2884/721
f 1070/2885/722 1072/2886/722 1056/2887/722 1054/2888/722
f 1066/2889/723 1070/2890/723 1054/2891/723 1052/2892/723
f 1067/2893/724 1066/2894/724 1052/2895/724 1051/2896/724
o slide
v -0.2432631533993852 0.178328431372549 0.43714407252440723
v -0.2432631533993852 0.18724999999999997 0.43714407252440723
v -0.2432631533993852 0.2010735294117647 0.3869
v -0.2432631533993852 0.19470098039215686 0.3869
v -0.24326315339938515 0.15725 0.49899030683403073
v -0.24326315339938515 0.18724999999999997 0.49899030683403073
v -0.2432631533993852 0.2547009803921569 0.43714407252440723
v -0.2432631533993852 0.2547009803921569 0.3869
v -0.24326315339938515 0.2547009803921569 0.49899030683403073
v -0.2432631533993852 0.28225 0.47952552301255236
v -0.2432631533993852 0.28225 0.45632119944212
v -0.24326315339938515 0.28225 0.49899030683403073
v -0.1425819952169458 0.2010735294117647 0.3869
v -0.1425819952169458 0.18724999999999997 0.43714407252440723
v -0.1425819952169458 0.178328431372549 0.43714407252440723
v -0.1425819952169458 0.19470098039215686 0.3869
v -0.1425819952169458 0.2547009803921569 0.3869
v -0.1425819952169458 0.2547009803921569 0.43714407252440723
v -0.14258199521694576 0.2547009803921569 0.49899030683403073
v -0.14258199521694576 0.18724999999999997 0.49899030683403073
v -0.1425819952169458 0.28225 0.45632119944212
v -0.1425819952169458 0.28225 0.47952552301255236
v -0.14258199521694576 0.28225 0.49899030683403073
v -0.14258199521694576 0.15725 0.49899030683403073
v 0.1424827041339254 0.18724999999999997 0.4371440725244071
v 0.1424827041339254 0.178328431372549 0.4371440725244071
v 0.1424827041339254 0.15725 0.4989903068340306
v 0.1424827041339254 0.18724999999999997 0.4989903068340306
v 0.24306457123334468 0.2010735294117647 0.3868999999999999
v 0.24306457123334468 0.18724999999999997 0.4371440725244071
v 0.24306457123334468 0.178328431372549 0.4371440725244071
v 0.24306457123334468 0.19470098039215686 0.3868999999999999
v 0.24306457123334468 0.18724999999999997 0.4989903068340306
v 0.24306457123334468 0.15725 0.4989903068340306
v 0.24306457123334468 0.2547009803921569 0.3868999999999999
v 0.24306457123334468 0.2547009803921569 0.4371440725244071
v 0.24306457123334468 0.2547009803921569 0.4989903068340306
v 0.24306457123334468 0.28225 0.4563211994421199
v 0.24306457123334468 0.28225 0.47952552301255225
v 0.24306457123334468 0.28225 0.4989903068340306
v 0.1424827041339254 0.2010735294117647 0.3868999999999999
v 0.1424827041339254 0.19470098039215686 0.3868999999999999
v 0.1424827041339254 0.2547009803921569 0.4371440725244071
v 0.1424827041339254 0.2547009803921569 0.3868999999999999
v 0.1424827041339254 0.2547009803921569 0.4989903068340306
v 0.1424827041339254 0.28225 0.47952552301255225
v 0.1424827041339254 0.28225 0.4563211994421199
v 0.1424827041339254 0.28225 0.4989903068340306
v 0.25418517253160233 0.27332843137254903 0.5029216178521617
v -0.25408588144858235 0.27332843137254903 0.5029216178521618
v -0.25408588144858235 0.23538725490196077 0.5244
v 0.25418517253160233 0.23538725490196077 0.5244
v 0.25418517253160233 0.27332843137254903 0.4600607391910739
v -0.25408588144858235 0.27332843137254903 0.460060739191074
v 0.25418517253160233 0.23538725490196077 0.4385823570432356
v -0.25408588144858235 0.23538725490196077 0.4385823570432357
v 0.25418517253160233 0.19744607843137255 0.4600607391910739
v -0.25408588144858235 0.19744607843137255 0.460060739191074
v 0.25418517253160233 0.19744607843137255 0.5029216178521617
v -0.25408588144858235 0.19744607843137255 0.5029216178521618
v 0.2706674923129483 0.23538725490196077 0.4900729428172942
v 0.2706674923129483 0.2430343137254902 0.4857580892608089
v 0.2542844636146224 0.2430343137254902 0.4857580892608089
v 0.2542844636146224 0.23538725490196077 0.4900729428172942
v 0.2706674923129483 0.2430343137254902 0.4772242677824267
v 0.2542844636146224 0.2430343137254902 0.4772242677824267
v 0.2706674923129483 0.23538725490196077 0.4729094142259414
v 0.2542844636146224 0.23538725490196077 0.4729094142259414
v 0.2706674923129483 0.22783823529411765 0.4772242677824267
v 0.2542844636146224 0.22783823529411765 0.4772242677824267
v 0.2706674923129483 0.22783823529411765 0.4857580892608089
v 0.2542844636146224 0.22783823529411765 0.4857580892608089
v 0.2906249999999999 0.23538725490196077 0.5244
v 0.2906249999999999 0.27332843137254903 0.5029216178521617
v 0.2705682012299281 0.27332843137254903 0.5029216178521617
v 0.2705682012299281 0.23538725490196077 0.5244
v 0.2906249999999999 0.27332843137254903 0.4600607391910739
v 0.2705682012299281 0.27332843137254903 0.4600607391910739
v 0.2906249999999999 0.23538725490196077 0.4385823570432356
v 0.2705682012299281 0.23538725490196077 0.4385823570432356
v 0.2906249999999999 0.19744607843137255 0.4600607391910739
v 0.2705682012299281 0.19744607843137255 0.4600607391910739
v 0.2906249999999999 0.19744607843137255 0.5029216178521617
v 0.2705682012299281 0.19744607843137255 0.5029216178521617
v -0.25428446361462265 0.2430343137254902 0.485758089260809
v -0.2706674923129485 0.2430343137254902 0.485758089260809
v -0.2706674923129485 0.23538725490196077 0.4900729428172943
v -0.25428446361462265 0.23538725490196077 0.4900729428172943
v -0.25428446361462265 0.2430343137254902 0.4772242677824268
v -0.2706674923129485 0.2430343137254902 0.4772242677824268
v -0.25428446361462265 0.23538725490196077 0.4729094142259415
v -0.2706674923129485 0.23538725490196077 0.4729094142259415
v -0.25428446361462265 0.22783823529411765 0.4772242677824268
v -0.2706674923129485 0.22783823529411765 0.4772242677824268
v -0.25428446361462265 0.22783823529411765 0.485758089260809
v -0.2706674923129485 0.22783823529411765 0.485758089260809
v -0.2705682012299283 0.27332843137254903 0.5029216178521618
v -0.29062500000000013 0.27332843137254903 0.5029216178521618
v -0.29062500000000013 0.23538725490196077 0.5244
v -0.2705682012299283 0.23538725490196077 0.5244
v -0.2705682012299283 0.27332843137254903 0.460060739191074
v -0.29062500000000013 0.27332843137254903 0.460060739191074
v -0.2705682012299283 0.23538725490196077 0.4385823570432357
v -0.29062500000000013 0.23538725490196077 0.4385823570432357
v -0.2705682012299283 0.19744607843137255 0.460060739191074
v -0.29062500000000013 0.19744607843137255 0.460060739191074
v -0.2705682012299283 0.19744607843137255 0.5029216178521618
v -0.29062500000000013 0.19744607843137255 0.5029216178521618
vt 0.2207 0.5825
vt 0.2207 0.5898
vt 0.2628 0.6009
vt 0.2628 0.5957
vt 0.1688 0.5655
vt 0.1689 0.5901
vt 0.2207 0.5898
vt 0.2207 0.5825
vt 0.2207 0.5898
vt 0.221 0.645
vt 0.263 0.6448
vt 0.2628 0.6009
vt 0.1689 0.5901
vt 0.1692 0.6453
vt 0.221 0.645
vt 0.2207 0.5898
vt 0.221 0.645
vt 0.1856 0.6677
vt 0.205 0.6676
vt 0.263 0.6448
vt 0.1692 0.6453
vt 0.1693 0.6678
vt 0.1856 0.6677
vt 0.221 0.645
vt 0.2729 0.6823
vt 0.225 0.6695
vt 0.225 0.6611
vt 0.2729 0.6764
vt 0.2729 0.7324
vt 0.225 0.7324
vt 0.225 0.6695
vt 0.2729 0.6823
vt 0.225 0.7324
vt 0.1659 0.7324
vt 0.1659 0.6695
vt 0.225 0.6695
vt 0.2066 0.7581
vt 0.1845 0.7581
vt 0.225 0.7324
vt 0.2729 0.7324
vt 0.1845 0.7581
vt 0.1659 0.7581
vt 0.1659 0.7324
vt 0.225 0.7324
vt 0.1459 0.8114
vt 0.1725 0.8114
vt 0.1726 0.7624
vt 0.146 0.7623
vt 0.1725 0.8114
vt 0.2054 0.8115
vt 0.2055 0.7624
vt 0.1726 0.7624
vt 0.257 0.9506
vt 0.2421 0.9506
vt 0.2421 0.9999
vt 0.257 0.9999
vt 0.2421 0.9506
vt 0.2086 0.9506
vt 0.2086 1
vt 0.2421 0.9999
vt 0.2332 0.8373
vt 0.21 0.8373
vt 0.21 0.9209
vt 0.2332 0.9209
vt 0.2878 0.7533
vt 0.3057 0.7533
vt 0.3058 0.664
vt 0.2879 0.6639
vt 0.3057 0.7533
vt 0.327 0.7533
vt 0.3271 0.664
vt 0.3058 0.664
vt 0.327 0.7533
vt 0.3955 0.7534
vt 0.3956 0.664
vt 0.3271 0.664
vt 0.2798 0.9949
vt 0.3467 0.9949
vt 0.3467 0.871
vt 0.2798 0.871
vt 0.3467 0.9949
vt 0.3547 0.9949
vt 0.3547 0.871
vt 0.3467 0.871
vt 0.403 0.9956
vt 0.4094 0.9954
vt 0.4099 0.8058
vt 0.4033 0.8053
vt 0.1723 0.9503
vt 0.2052 0.9503
vt 0.2054 0.8115
vt 0.1725 0.8114
vt 0.2568 0.8108
vt 0.2419 0.8108
vt 0.2421 0.9506
vt 0.257 0.9506
vt 0.3603 0.9955
vt 0.403 0.9956
vt 0.4033 0.8053
vt 0.3606 0.8052
vt 0.2628 0.6009
vt 0.2207 0.5898
vt 0.2207 0.5825
vt 0.2628 0.5957
vt 0.2207 0.5898
vt 0.1689 0.5901
vt 0.1688 0.5655
vt 0.2207 0.5825
vt 0.263 0.6448
vt 0.221 0.645
vt 0.2207 0.5898
vt 0.2628 0.6009
vt 0.221 0.645
vt 0.1692 0.6453
vt 0.1689 0.5901
vt 0.2207 0.5898
vt 0.205 0.6676
vt 0.1856 0.6677
vt 0.221 0.645
vt 0.263 0.6448
vt 0.1856 0.6677
vt 0.1693 0.6678
vt 0.1692 0.6453
vt 0.221 0.645
vt 0.2246 0.6615
vt 0.2246 0.6699
vt 0.2725 0.6828
vt 0.2725 0.6768
vt 0.2246 0.6699
vt 0.2246 0.7328
vt 0.2725 0.7328
vt 0.2725 0.6828
vt 0.1655 0.6699
vt 0.1655 0.7328
vt 0.2246 0.7328
vt 0.2246 0.6699
vt 0.2246 0.7328
vt 0.1841 0.7585
vt 0.2062 0.7585
vt 0.2725 0.7328
vt 0.1655 0.7328
vt 0.1655 0.7585
vt 0.1841 0.7585
vt 0.2246 0.7328
vt 0.1723 0.9994
vt 0.1723 0.9503
vt 0.1457 0.9503
vt 0.1456 0.9994
vt 0.2053 0.9994
vt 0.2053 0.9503
vt 0.1723 0.9503
vt 0.1723 0.9994
vt 0.2419 0.7616
vt 0.2419 0.8108
vt 0.2568 0.8108
vt 0.2568 0.7616
vt 0.2084 0.7616
vt 0.2085 0.8109
vt 0.2419 0.8108
vt 0.2419 0.7616
vt 0.21 0.8373
vt 0.21 0.9209
vt 0.2332 0.9209
vt 0.2332 0.8373
vt 0.305 0.7534
vt 0.3051 0.664
vt 0.2872 0.664
vt 0.2871 0.7533
vt 0.3263 0.7534
vt 0.3264 0.664
vt 0.3051 0.664
vt 0.305 0.7534
vt 0.3948 0.7534
vt 0.3949 0.6641
vt 0.3264 0.664
vt 0.3263 0.7534
vt 0.3465 0.9955
vt 0.3473 0.8724
vt 0.2808 0.872
vt 0.28 0.9951
vt 0.3544 0.9956
vt 0.3552 0.8725
vt 0.3473 0.8724
vt 0.3465 0.9955
vt 0.0446 0.9975
vt 0.0446 0.5746
vt 0.0077 0.5746
vt 0.0077 0.9975
vt 0.0816 0.9975
vt 0.0816 0.5746
vt 0.0446 0.5746
vt 0.0446 0.9975
vt 0.1185 0.9975
vt 0.1185 0.5746
vt 0.0816 0.5746
vt 0.0816 0.9975
vt 0.0817 0.5723
vt 0.0817 0.9972
vt 0.1188 0.9972
vt 0.1188 0.5723
vt 0.0446 0.5723
vt 0.0446 0.9972
vt 0.0817 0.9972
vt 0.0817 0.5723
vt 0.0075 0.5723
vt 0.0075 0.9972
vt 0.0446 0.9972
vt 0.0446 0.5723
vt 0.1428 0.5812
vt 0.1428 0.5919
vt 0.1626 0.5919
vt 0.1626 0.5812
vt 0.1428 0.5919
vt 0.1428 0.6026
vt 0.1626 0.6026
vt 0.1626 0.5919
vt 0.1428 0.6026
vt 0.1428 0.6133
vt 0.1626 0.6133
vt 0.1626 0.6026
vt 0.1625 0.6134
vt 0.1625 0.6026
vt 0.1427 0.6026
vt 0.1427 0.6134
vt 0.1625 0.6026
vt 0.1625 0.5919
vt 0.1427 0.5919
vt 0.1427 0.6026
vt 0.1625 0.5919
vt 0.1625 0.5812
vt 0.1427 0.5812
vt 0.1427 0.5919
vt 0.1639 0.6182
vt 0.1639 0.6648
vt 0.1429 0.6648
vt 0.1429 0.6182
vt 0.1639 0.6648
vt 0.1639 0.7114
vt 0.1429 0.7114
vt 0.1429 0.6648
vt 0.1639 0.7114
vt 0.1639 0.7581
vt 0.1429 0.7581
vt 0.1429 0.7114
vt 0.1639 0.7582
vt 0.1639 0.7116
vt 0.1429 0.7116
vt 0.1429 0.7582
vt 0.1639 0.7116
vt 0.1639 0.665
vt 0.1429 0.665
vt 0.1429 0.7116
vt 0.1639 0.665
vt 0.1639 0.6183
vt 0.1429 0.6183
vt 0.1429 0.665
vt 0.1429 0.592
vt 0.1627 0.592
vt 0.1627 0.5813
vt 0.1429 0.5813
vt 0.1429 0.6028
vt 0.1627 0.6028
vt 0.1627 0.592
vt 0.1429 0.592
vt 0.1429 0.6135
vt 0.1627 0.6135
vt 0.1627 0.6028
vt 0.1429 0.6028
vt 0.1629 0.6026
vt 0.1431 0.6026
vt 0.1431 0.6134
vt 0.1629 0.6134
vt 0.1629 0.5919
vt 0.1431 0.5919
vt 0.1431 0.6026
vt 0.1629 0.6026
vt 0.1629 0.5812
vt 0.1431 0.5812
vt 0.1431 0.5919
vt 0.1629 0.5919
vt 0.1427 0.6648
vt 0.1638 0.6648
vt 0.1638 0.6181
vt 0.1427 0.6181
vt 0.1427 0.7114
vt 0.1638 0.7114
vt 0.1638 0.6648
vt 0.1427 0.6648
vt 0.1427 0.758
vt 0.1638 0.758
vt 0.1638 0.7114
vt 0.1427 0.7114
vt 0.1426 0.7112
vt 0.1637 0.7112
vt 0.1637 0.7579
vt 0.1426 0.7579
vt 0.1426 0.6646
vt 0.1637 0.6646
vt 0.1637 0.7112
vt 0.1426 0.7112
vt 0.1426 0.618
vt 0.1637 0.618
vt 0.1637 0.6646
vt 0.1426 0.6646
vt 0.7489 0.543
vt 0.7798 0.5966
vt 0.8415 0.5966
vt 0.8724 0.543
vt 0.8415 0.48950000000000005
vt 0.7798 0.48950000000000005
vt 0.7489 0.543
vt 0.8724 0.543
vt 0.7489 0.543
vt 0.8724 0.543
vt 0.8415 0.48950000000000005
vt 0.7798 0.48950000000000005
vt 0.7489 0.543
vt 0.7798 0.5966
vt 0.8415 0.5966
vt 0.8724 0.543
vt 0.8415 0.48950000000000005
vt 0.8724 0.543
vt 0.7489 0.543
vt 0.7798 0.48950000000000005
vt 0.8724 0.543
vt 0.8415 0.5966
vt 0.7798 0.5966
vt 0.7489 0.543
vt 0.7489 0.543
vt 0.7798 0.5966
vt 0.8415 0.5966
vt 0.8724 0.543
vt 0.8415 0.48950000000000005
vt 0.7798 0.48950000000000005
vt 0.7489 0.543
vt 0.8724 0.543
vt 0.8724 0.543
vt 0.8415 0.48950000000000005
vt 0.7798 0.48950000000000005
vt 0.7489 0.543
vt 0.7798 0.5966
vt 0.8415 0.5966
vt 0.8724 0.543
vt 0.7489 0.543
vt 0.8415 0.48950000000000005
vt 0.8724 0.543
vt 0.7489 0.543
vt 0.7798 0.48950000000000005
vt 0.8724 0.543
vt 0.8415 0.5966
vt 0.7798 0.5966
vt 0.7489 0.543
vn -1 0 0
vn -1 0 0
vn -1 0 0
vn -1 0 0
vn -1 0 0
vn -1 0 0
vn 1 0 0
vn 1 0 0
vn 1 0 0
vn 1 0 0
vn 1 0 0
vn 0 -0.9507933356488776 -0.3098258105543839
vn 0 -0.9465359503556299 -0.32259834885560795
vn 0 0 1
vn 0 0 1
vn 0 0 1
vn 0 1 0
vn 0 1 0
vn 0 0.9294864669627652 -0.36885621552723874
vn 0 0 -1
vn 0 0 -1
vn 0 0 -1
vn 0 -0.9465359503556299 -0.322598348855608
vn 0 0 1
vn 0 1 0
vn 1 0 0
vn 1 0 0
vn 1 0 0
vn 1 0 0
vn 1 0 0
vn 1 0 0
vn -1 0 0
vn -1 0 0
vn -1 0 0
vn -1 0 0
vn -1 0 0
vn 0 -0.9507933356488776 -0.30982581055438396
vn 0 -0.9465359503556299 -0.322598348855608
vn 0 0 1
vn 0 0 1
vn 0 0 1
vn 0 1 0
vn 0 1 0
vn 0 0.929486466962765 -0.36885621552723874
vn 0 0 -1
vn 0 0 -1
vn 0 0.49263720858278404 0.8702347848252002
vn 0 1 0
vn 0 0.492637208582785 -0.8702347848251997
vn 0 -0.49263720858278526 -0.8702347848251997
vn 0 -1 0
vn 0 -0.49263720858278437 0.8702347848252002
vn 0 0.4914186457906111 0.8709234837626795
vn 0 1 0
vn 0 0.4914186457906111 -0.8709234837626795
vn 0 -0.49623673551111264 -0.8681872507295154
vn 0 -1 0
vn 0 -0.49623673551111264 0.8681872507295154
vn 0 0.49263720858278404 0.8702347848252004
vn 0 1 0
vn 0 0.492637208582785 -0.8702347848251999
vn 0 -0.4926372085827852 -0.8702347848251996
vn 0 -1 0
vn 0 -0.49263720858278426 0.8702347848252001
vn 0 0.4914186457906111 0.8709234837626794
vn 0 1 0
vn 0 0.4914186457906111 -0.8709234837626794
vn 0 -0.4962367355111125 -0.8681872507295154
vn 0 -1 0
vn 0 -0.4962367355111125 0.8681872507295154
vn 0 0.49263720858278404 0.8702347848252003
vn 0 1 0
vn 0 0.492637208582785 -0.8702347848251998
vn 0 -0.49263720858278526 -0.8702347848251997
vn 0 -1 0
vn 0 -0.4926372085827843 0.8702347848252001
vn -1 0 0
vn -1 0 0
vn -1 0 0
vn -1 0 0
vn 1 0 0
vn 1 0 0
vn -1 0 0
vn -1 0 0
vn 1 0 0
vn 1 0 0
vn 1 0 0
vn 1 0 0
usemtl typewriter
f 1081/2897/725 1082/2898/725 1083/2899/725 1084/2900/725
f 1085/2901/726 1086/2902/726 1082/2903/726 1081/2904/726
f 1082/2905/727 1087/2906/727 1088/2907/727 1083/2908/727
f 1086/2909/728 1089/2910/728 1087/2911/728 1082/2912/728
f 1087/2913/729 1090/2914/729 1091/2915/729 1088/2916/729
f 1089/2917/730 1092/2918/730 1090/2919/730 1087/2920/730
f 1093/2921/731 1094/2922/731 1095/2923/731 1096/2924/731
f 1097/2925/732 1098/2926/732 1094/2927/732 1093/2928/732
f 1098/2929/733 1099/2930/733 1100/2931/733 1094/2932/733
f 1101/2933/734 1102/2934/734 1098/2935/734 1097/2936/734
f 1102/2937/735 1103/2938/735 1099/2939/735 1098/2940/735
f 1096/2941/736 1095/2942/736 1081/2943/736 1084/2944/736
f 1095/2945/737 1104/2946/737 1085/2947/737 1081/2948/737
f 1104/2949/738 1100/2950/738 1086/2951/738 1085/2952/738
f 1100/2953/739 1099/2954/739 1089/2955/739 1086/2956/739
f 1099/2957/740 1103/2958/740 1092/2959/740 1089/2960/740
f 1103/2961/741 1102/2962/741 1090/2963/741 1092/2964/741
f 1102/2965/742 1101/2966/742 1091/2967/742 1090/2968/742
f 1101/2969/743 1097/2970/743 1088/2971/743 1091/2972/743
f 1097/2973/744 1093/2974/744 1083/2975/744 1088/2976/744
f 1093/2977/745 1096/2978/745 1084/2979/745 1083/2980/745
f 1105/2981/746 1106/2982/746 1095/2983/746 1094/2984/746
f 1106/2985/747 1107/2986/747 1104/2987/747 1095/2988/747
f 1107/2989/748 1108/2990/748 1100/2991/748 1104/2992/748
f 1108/2993/749 1105/2994/749 1094/2995/749 1100/2996/749
f 1109/2997/750 1110/2998/750 1111/2999/750 1112/3000/750
f 1110/3001/751 1113/3002/751 1114/3003/751 1111/3004/751
f 1115/3005/752 1116/3006/752 1110/3007/752 1109/3008/752
f 1116/3009/753 1117/3010/753 1113/3011/753 1110/3012/753
f 1118/3013/754 1119/3014/754 1116/3015/754 1115/3016/754
f 1119/3017/755 1120/3018/755 1117/3019/755 1116/3020/755
f 1106/3021/756 1105/3022/756 1121/3023/756 1122/3024/756
f 1105/3025/757 1123/3026/757 1124/3027/757 1121/3028/757
f 1108/3029/758 1125/3030/758 1123/3031/758 1105/3032/758
f 1123/3033/759 1126/3034/759 1127/3035/759 1124/3036/759
f 1125/3037/760 1128/3038/760 1126/3039/760 1123/3040/760
f 1111/3041/761 1106/3042/761 1122/3043/761 1112/3044/761
f 1114/3045/762 1107/3046/762 1106/3047/762 1111/3048/762
f 1113/3049/763 1108/3050/763 1107/3051/763 1114/3052/763
f 1117/3053/764 1125/3054/764 1108/3055/764 1113/3056/764
f 1120/3057/765 1128/3058/765 1125/3059/765 1117/3060/765
f 1119/3061/766 1126/3062/766 1128/3063/766 1120/3064/766
f 1118/3065/767 1127/3066/767 1126/3067/767 1119/3068/767
f 1115/3069/768 1124/3070/768 1127/3071/768 1118/3072/768
f 1109/3073/769 1121/3074/769 1124/3075/769 1115/3076/769
f 1112/3077/770 1122/3078/770 1121/3079/770 1109/3080/770
f 1129/3081/771 1130/3082/771 1131/3083/771 1132/3084/771
f 1133/3085/772 1134/3086/772 1130/3087/772 1129/3088/772
f 1135/3089/773 1136/3090/773 1134/3091/773 1133/3092/773
f 1137/3093/774 1138/3094/774 1136/3095/774 1135/3096/774
f 1139/3097/775 1140/3098/775 1138/3099/775 1137/3100/775
f 1132/3101/776 1131/3102/776 1140/3103/776 1139/3104/776
f 1141/3105/777 1142/3106/777 1143/3107/777 1144/3108/777
f 1142/3109/778 1145/3110/778 1146/3111/778 1143/3112/778
f 1145/3113/779 1147/3114/779 1148/3115/779 1146/3116/779
f 1147/3117/780 1149/3118/780 1150/3119/780 1148/3120/780
f 1149/3121/781 1151/3122/781 1152/3123/781 1150/3124/781
f 1151/3125/782 1141/3126/782 1144/3127/782 1152/3128/782
f 1153/3129/783 1154/3130/783 1155/3131/783 1156/3132/783
f 1154/3133/784 1157/3134/784 1158/3135/784 1155/3136/784
f 1157/3137/785 1159/3138/785 1160/3139/785 1158/3140/785
f 1159/3141/786 1161/3142/786 1162/3143/786 1160/3144/786
f 1161/3145/787 1163/3146/787 1164/3147/787 1162/3148/787
f 1163/3149/788 1153/3150/788 1156/3151/788 1164/3152/788
f 1165/3153/789 1166/3154/789 1167/3155/789 1168/3156/789
f 1169/3157/790 1170/3158/790 1166/3159/790 1165/3160/790
f 1171/3161/791 1172/3162/791 1170/3163/791 1169/3164/791
f 1173/3165/792 1174/3166/792 1172/3167/792 1171/3168/792
f 1175/3169/793 1176/3170/793 1174/3171/793 1173/3172/793
f 1168/3173/794 1167/3174/794 1176/3175/794 1175/3176/794
f 1177/3177/795 1178/3178/795 1179/3179/795 1180/3180/795
f 1181/3181/796 1182/3182/796 1178/3183/796 1177/3184/796
f 1183/3185/797 1184/3186/797 1182/3187/797 1181/3188/797
f 1185/3189/798 1186/3190/798 1184/3191/798 1183/3192/798
f 1187/3193/799 1188/3194/799 1186/3195/799 1185/3196/799
f 1180/3197/800 1179/3198/800 1188/3199/800 1187/3200/800
f 1179/3201/801 1178/3202/801 1182/3203/801 1184/3204/801
f 1186/3205/802 1188/3206/802 1179/3207/802 1184/3208/802
f 1140/3209/803 1131/3210/803 1136/3211/803 1138/3212/803
f 1130/3213/804 1134/3214/804 1136/3215/804 1131/3216/804
f 1183/3217/805 1180/3218/805 1187/3219/805 1185/3220/805
f 1181/3221/806 1177/3222/806 1180/3223/806 1183/3224/806
f 1155/3225/807 1158/3226/807 1160/3227/807 1156/3228/807
f 1160/3229/808 1162/3230/808 1164/3231/808 1156/3232/808
f 1159/3233/809 1157/3234/809 1154/3235/809 1153/3236/809
f 1163/3237/810 1161/3238/810 1159/3239/810 1153/3240/810
f 1135/3241/811 1132/3242/811 1139/3243/811 1137/3244/811
f 1133/3245/812 1129/3246/812 1132/3247/812 1135/3248/812

